{"__meta":{"schema_version":99,"schema_name":"StackedEnsembleModelV99","schema_type":"StackedEnsembleModel"},"model_id":{"__meta":{"schema_version":3,"schema_name":"ModelKeyV3","schema_type":"Key<Model>"},"name":"StackedEnsemble_BestOfFamily_1_AutoML_1_20211112_192015","type":"Key<Model>","URL":"/3/Models/StackedEnsemble_BestOfFamily_1_AutoML_1_20211112_192015"},"algo":"stackedensemble","algo_full_name":"Stacked Ensemble","response_column_name":"Sales","data_frame":{"__meta":{"schema_version":3,"schema_name":"FrameKeyV3","schema_type":"Key<Frame>"},"name":"AutoML_1_20211112_192015_training_Key_Frame__upload_b0c1951fdc5796886dae5342b683475c.hex","type":"Key<Frame>","URL":"/3/Frames/AutoML_1_20211112_192015_training_Key_Frame__upload_b0c1951fdc5796886dae5342b683475c.hex"},"timestamp":1636725503672,"have_pojo":false,"have_mojo":true,"algo":"stackedensemble","algo_full_name":"Stacked Ensemble","model_id":{"__meta":{"schema_version":3,"schema_name":"ModelKeyV3","schema_type":"Key<Model>"},"name":"StackedEnsemble_BestOfFamily_1_AutoML_1_20211112_192015","type":"Key<Model>","URL":"/3/Models/StackedEnsemble_BestOfFamily_1_AutoML_1_20211112_192015"},"parameters":[{"__meta":{"schema_version":3,"schema_name":"ModelParameterSchemaV3","schema_type":"Iced"},"name":"model_id","label":"model_id","help":"Destination id for this model; auto-generated if not specified.","required":false,"type":"Key<Model>","default_value":null,"actual_value":{"__meta":{"schema_version":3,"schema_name":"ModelKeyV3","schema_type":"Key<Model>"},"name":"StackedEnsemble_BestOfFamily_1_AutoML_1_20211112_192015","type":"Key<Model>","URL":"/3/Models/StackedEnsemble_BestOfFamily_1_AutoML_1_20211112_192015"},"input_value":null,"level":"critical","values":[],"is_member_of_frames":[],"is_mutually_exclusive_with":[],"gridable":false},{"__meta":{"schema_version":3,"schema_name":"ModelParameterSchemaV3","schema_type":"Iced"},"name":"training_frame","label":"training_frame","help":"Id of the training data frame.","required":false,"type":"Key<Frame>","default_value":null,"actual_value":{"__meta":{"schema_version":3,"schema_name":"FrameKeyV3","schema_type":"Key<Frame>"},"name":"AutoML_1_20211112_192015_training_Key_Frame__upload_b0c1951fdc5796886dae5342b683475c.hex","type":"Key<Frame>","URL":"/3/Frames/AutoML_1_20211112_192015_training_Key_Frame__upload_b0c1951fdc5796886dae5342b683475c.hex"},"input_value":{"__meta":{"schema_version":3,"schema_name":"FrameKeyV3","schema_type":"Key<Frame>"},"name":"AutoML_1_20211112_192015_training_Key_Frame__upload_b0c1951fdc5796886dae5342b683475c.hex","type":"Key<Frame>","URL":"/3/Frames/AutoML_1_20211112_192015_training_Key_Frame__upload_b0c1951fdc5796886dae5342b683475c.hex"},"level":"critical","values":[],"is_member_of_frames":[],"is_mutually_exclusive_with":[],"gridable":false},{"__meta":{"schema_version":3,"schema_name":"ModelParameterSchemaV3","schema_type":"Iced"},"name":"response_column","label":"response_column","help":"Response variable column.","required":false,"type":"VecSpecifier","default_value":null,"actual_value":{"__meta":{"schema_version":3,"schema_name":"ColSpecifierV3","schema_type":"VecSpecifier"},"column_name":"Sales","is_member_of_frames":null},"input_value":{"__meta":{"schema_version":3,"schema_name":"ColSpecifierV3","schema_type":"VecSpecifier"},"column_name":"Sales","is_member_of_frames":null},"level":"critical","values":[],"is_member_of_frames":["training_frame","validation_frame"],"is_mutually_exclusive_with":["weights_column","ignored_columns","offset_column","metalearner_fold_column"],"gridable":true},{"__meta":{"schema_version":3,"schema_name":"ModelParameterSchemaV3","schema_type":"Iced"},"name":"validation_frame","label":"validation_frame","help":"Id of the validation data frame.","required":false,"type":"Key<Frame>","default_value":null,"actual_value":null,"input_value":null,"level":"critical","values":[],"is_member_of_frames":[],"is_mutually_exclusive_with":[],"gridable":true},{"__meta":{"schema_version":3,"schema_name":"ModelParameterSchemaV3","schema_type":"Iced"},"name":"blending_frame","label":"blending_frame","help":"Frame used to compute the predictions that serve as the training frame for the metalearner (triggers blending mode if provided)","required":false,"type":"Key<Frame>","default_value":null,"actual_value":null,"input_value":null,"level":"critical","values":[],"is_member_of_frames":[],"is_mutually_exclusive_with":[],"gridable":false},{"__meta":{"schema_version":3,"schema_name":"ModelParameterSchemaV3","schema_type":"Iced"},"name":"base_models","label":"base_models","help":"List of models or grids (or their ids) to ensemble/stack together. Grids are expanded to individual models. If not using blending frame, then models must have been cross-validated using nfolds > 1, and folds must be identical across models.","required":true,"type":"Key<Keyed>[]","default_value":[],"actual_value":[{"__meta":{"schema_version":3,"schema_name":"KeyV3","schema_type":"Key<Keyed>"},"name":"GBM_1_AutoML_1_20211112_192015","type":"Key<Keyed>","URL":null},{"__meta":{"schema_version":3,"schema_name":"KeyV3","schema_type":"Key<Keyed>"},"name":"GLM_1_AutoML_1_20211112_192015","type":"Key<Keyed>","URL":null}],"input_value":[{"__meta":{"schema_version":3,"schema_name":"KeyV3","schema_type":"Key<Keyed>"},"name":"GBM_1_AutoML_1_20211112_192015","type":"Key<Keyed>","URL":null},{"__meta":{"schema_version":3,"schema_name":"KeyV3","schema_type":"Key<Keyed>"},"name":"GLM_1_AutoML_1_20211112_192015","type":"Key<Keyed>","URL":null}],"level":"critical","values":[],"is_member_of_frames":[],"is_mutually_exclusive_with":[],"gridable":false},{"__meta":{"schema_version":3,"schema_name":"ModelParameterSchemaV3","schema_type":"Iced"},"name":"metalearner_algorithm","label":"metalearner_algorithm","help":"Type of algorithm to use as the metalearner. Options include 'AUTO' (GLM with non negative weights; if validation_frame is present, a lambda search is performed), 'deeplearning' (Deep Learning with default parameters), 'drf' (Random Forest with default parameters), 'gbm' (GBM with default parameters), 'glm' (GLM with default parameters), 'naivebayes' (NaiveBayes with default parameters), or 'xgboost' (if available, XGBoost with default parameters).","required":false,"type":"enum","default_value":"AUTO","actual_value":"glm","input_value":"AUTO","level":"critical","values":["AUTO","deeplearning","drf","gbm","glm","naivebayes","xgboost"],"is_member_of_frames":[],"is_mutually_exclusive_with":[],"gridable":false},{"__meta":{"schema_version":3,"schema_name":"ModelParameterSchemaV3","schema_type":"Iced"},"name":"metalearner_nfolds","label":"metalearner_nfolds","help":"Number of folds for K-fold cross-validation of the metalearner algorithm (0 to disable or >= 2).","required":false,"type":"int","default_value":0,"actual_value":5,"input_value":5,"level":"critical","values":[],"is_member_of_frames":[],"is_mutually_exclusive_with":[],"gridable":false},{"__meta":{"schema_version":3,"schema_name":"ModelParameterSchemaV3","schema_type":"Iced"},"name":"metalearner_fold_assignment","label":"metalearner_fold_assignment","help":"Cross-validation fold assignment scheme for metalearner cross-validation.  Defaults to AUTO (which is currently set to Random). The 'Stratified' option will stratify the folds based on the response variable, for classification problems.","required":false,"type":"enum","default_value":null,"actual_value":null,"input_value":null,"level":"secondary","values":["AUTO","Random","Modulo","Stratified"],"is_member_of_frames":[],"is_mutually_exclusive_with":[],"gridable":false},{"__meta":{"schema_version":3,"schema_name":"ModelParameterSchemaV3","schema_type":"Iced"},"name":"metalearner_fold_column","label":"metalearner_fold_column","help":"Column with cross-validation fold index assignment per observation for cross-validation of the metalearner.","required":false,"type":"VecSpecifier","default_value":null,"actual_value":null,"input_value":null,"level":"secondary","values":[],"is_member_of_frames":["training_frame"],"is_mutually_exclusive_with":["response_column","ignored_columns"],"gridable":false},{"__meta":{"schema_version":3,"schema_name":"ModelParameterSchemaV3","schema_type":"Iced"},"name":"metalearner_params","label":"metalearner_params","help":"Parameters for metalearner algorithm","required":false,"type":"string","default_value":"","actual_value":"","input_value":"","level":"critical","values":[],"is_member_of_frames":[],"is_mutually_exclusive_with":[],"gridable":false},{"__meta":{"schema_version":3,"schema_name":"ModelParameterSchemaV3","schema_type":"Iced"},"name":"metalearner_transform","label":"metalearner_transform","help":"Transformation used for the level one frame.","required":false,"type":"enum","default_value":"NONE","actual_value":"NONE","input_value":"NONE","level":"critical","values":["NONE","Logit"],"is_member_of_frames":[],"is_mutually_exclusive_with":[],"gridable":false},{"__meta":{"schema_version":3,"schema_name":"ModelParameterSchemaV3","schema_type":"Iced"},"name":"max_runtime_secs","label":"max_runtime_secs","help":"Maximum allowed runtime in seconds for model training. Use 0 to disable.","required":false,"type":"double","default_value":0.0,"actual_value":9.223372036854776E15,"input_value":9.223372036854776E15,"level":"secondary","values":[],"is_member_of_frames":[],"is_mutually_exclusive_with":[],"gridable":true},{"__meta":{"schema_version":3,"schema_name":"ModelParameterSchemaV3","schema_type":"Iced"},"name":"weights_column","label":"weights_column","help":"Column with observation weights. Giving some observation a weight of zero is equivalent to excluding it from the dataset; giving an observation a relative weight of 2 is equivalent to repeating that row twice. Negative weights are not allowed. Note: Weights are per-row observation weights and do not increase the size of the data frame. This is typically the number of times a row is repeated, but non-integer values are supported as well. During training, rows with higher weights matter more, due to the larger loss function pre-factor. If you set weight = 0 for a row, the returned prediction frame at that row is zero and this is incorrect. To get an accurate prediction, remove all rows with weight == 0.","required":false,"type":"VecSpecifier","default_value":null,"actual_value":null,"input_value":null,"level":"secondary","values":[],"is_member_of_frames":["training_frame","validation_frame"],"is_mutually_exclusive_with":["response_column","ignored_columns","offset_column","metalearner_fold_column"],"gridable":true},{"__meta":{"schema_version":3,"schema_name":"ModelParameterSchemaV3","schema_type":"Iced"},"name":"offset_column","label":"offset_column","help":"Offset column. This will be added to the combination of columns before applying the link function.","required":false,"type":"VecSpecifier","default_value":null,"actual_value":null,"input_value":null,"level":"secondary","values":[],"is_member_of_frames":["training_frame","validation_frame"],"is_mutually_exclusive_with":["response_column","weights_column","ignored_columns","metalearner_fold_column"],"gridable":true},{"__meta":{"schema_version":3,"schema_name":"ModelParameterSchemaV3","schema_type":"Iced"},"name":"seed","label":"seed","help":"Seed for random numbers; passed through to the metalearner algorithm. Defaults to -1 (time-based random number)","required":false,"type":"long","default_value":-1,"actual_value":3,"input_value":3,"level":"critical","values":[],"is_member_of_frames":[],"is_mutually_exclusive_with":[],"gridable":true},{"__meta":{"schema_version":3,"schema_name":"ModelParameterSchemaV3","schema_type":"Iced"},"name":"score_training_samples","label":"score_training_samples","help":"Specify the number of training set samples for scoring. The value must be >= 0. To use all training samples, enter 0.","required":false,"type":"long","default_value":10000,"actual_value":10000,"input_value":10000,"level":"secondary","values":[],"is_member_of_frames":[],"is_mutually_exclusive_with":[],"gridable":false},{"__meta":{"schema_version":3,"schema_name":"ModelParameterSchemaV3","schema_type":"Iced"},"name":"keep_levelone_frame","label":"keep_levelone_frame","help":"Keep level one frame used for metalearner training.","required":false,"type":"boolean","default_value":false,"actual_value":true,"input_value":true,"level":"secondary","values":[],"is_member_of_frames":[],"is_mutually_exclusive_with":[],"gridable":false},{"__meta":{"schema_version":3,"schema_name":"ModelParameterSchemaV3","schema_type":"Iced"},"name":"export_checkpoints_dir","label":"export_checkpoints_dir","help":"Automatically export generated models to this directory.","required":false,"type":"string","default_value":null,"actual_value":null,"input_value":null,"level":"secondary","values":[],"is_member_of_frames":[],"is_mutually_exclusive_with":[],"gridable":false},{"__meta":{"schema_version":3,"schema_name":"ModelParameterSchemaV3","schema_type":"Iced"},"name":"auc_type","label":"auc_type","help":"Set default multinomial AUC type.","required":false,"type":"enum","default_value":"AUTO","actual_value":"AUTO","input_value":"AUTO","level":"secondary","values":["AUTO","NONE","MACRO_OVR","WEIGHTED_OVR","MACRO_OVO","WEIGHTED_OVO"],"is_member_of_frames":[],"is_mutually_exclusive_with":[],"gridable":true}],"output":{"__meta":{"schema_version":99,"schema_name":"StackedEnsembleModelOutputV99","schema_type":"StackedEnsembleOutput"},"names":["Item_W","Item_MRP","Outlet_Size","Outlet_Location_Type","Outlet_Age","Item_Type_Baking Goods","Item_Type_Breads","Item_Type_Breakfast","Item_Type_Canned","Item_Type_Dairy","Item_Type_Frozen Foods","Item_Type_Fruits and Vegetables","Item_Type_Hard Drinks","Item_Type_Health and Hygiene","Item_Type_Household","Item_Type_Meat","Item_Type_Others","Item_Type_Seafood","Item_Type_Snack Foods","Item_Type_Soft Drinks","Item_Type_Starchy Foods","Outlet_ID_OUT013","Outlet_ID_OUT018","Outlet_ID_OUT035","Outlet_ID_OUT046","Outlet_ID_OUT049","Item_Group_Drinks","Item_Group_Food","Item_Group_Non_Consummables","Item_ID_DRA12","Item_ID_DRA24","Item_ID_DRA59","Item_ID_DRB13","Item_ID_DRB24","Item_ID_DRB25","Item_ID_DRC12","Item_ID_DRC25","Item_ID_DRC27","Item_ID_DRD01","Item_ID_DRD13","Item_ID_DRD24","Item_ID_DRD25","Item_ID_DRD27","Item_ID_DRD37","Item_ID_DRD60","Item_ID_DRE12","Item_ID_DRE25","Item_ID_DRE37","Item_ID_DRE48","Item_ID_DRE60","Item_ID_DRF01","Item_ID_DRF03","Item_ID_DRF13","Item_ID_DRF15","Item_ID_DRF23","Item_ID_DRF25","Item_ID_DRF27","Item_ID_DRF37","Item_ID_DRF49","Item_ID_DRF51","Item_ID_DRF60","Item_ID_DRG01","Item_ID_DRG03","Item_ID_DRG11","Item_ID_DRG15","Item_ID_DRG23","Item_ID_DRG25","Item_ID_DRG37","Item_ID_DRG51","Item_ID_DRH03","Item_ID_DRH13","Item_ID_DRH23","Item_ID_DRH25","Item_ID_DRH36","Item_ID_DRH37","Item_ID_DRH39","Item_ID_DRH51","Item_ID_DRI03","Item_ID_DRI11","Item_ID_DRI23","Item_ID_DRI47","Item_ID_DRI49","Item_ID_DRJ01","Item_ID_DRJ13","Item_ID_DRJ24","Item_ID_DRJ25","Item_ID_DRJ39","Item_ID_DRJ47","Item_ID_DRJ49","Item_ID_DRJ51","Item_ID_DRK11","Item_ID_DRK12","Item_ID_DRK39","Item_ID_DRK47","Item_ID_DRK49","Item_ID_DRL01","Item_ID_DRL11","Item_ID_DRL23","Item_ID_DRL37","Item_ID_DRL47","Item_ID_DRL49","Item_ID_DRL60","Item_ID_DRM11","Item_ID_DRM23","Item_ID_DRM37","Item_ID_DRM47","Item_ID_DRM49","Item_ID_DRM59","Item_ID_DRN35","Item_ID_DRN37","Item_ID_DRN47","Item_ID_DRO35","Item_ID_DRO47","Item_ID_DRP47","Item_ID_DRQ35","Item_ID_DRZ11","Item_ID_FDA02","Item_ID_FDA03","Item_ID_FDA04","Item_ID_FDA07","Item_ID_FDA08","Item_ID_FDA13","Item_ID_FDA21","Item_ID_FDA22","Item_ID_FDA23","Item_ID_FDA25","Item_ID_FDA26","Item_ID_FDA27","Item_ID_FDA28","Item_ID_FDA32","Item_ID_FDA34","Item_ID_FDA37","Item_ID_FDA38","Item_ID_FDA39","Item_ID_FDA40","Item_ID_FDA43","Item_ID_FDA44","Item_ID_FDA45","Item_ID_FDA49","Item_ID_FDA50","Item_ID_FDA51","Item_ID_FDA52","Item_ID_FDA58","Item_ID_FDB02","Item_ID_FDB03","Item_ID_FDB04","Item_ID_FDB05","Item_ID_FDB08","Item_ID_FDB09","Item_ID_FDB10","Item_ID_FDB12","Item_ID_FDB15","Item_ID_FDB16","Item_ID_FDB17","Item_ID_FDB20","Item_ID_FDB21","Item_ID_FDB23","Item_ID_FDB38","Item_ID_FDB39","Item_ID_FDB45","Item_ID_FDB46","Item_ID_FDB49","Item_ID_FDB51","Item_ID_FDB52","Item_ID_FDB56","Item_ID_FDB57","Item_ID_FDB58","Item_ID_FDB60","Item_ID_FDC03","Item_ID_FDC08","Item_ID_FDC09","Item_ID_FDC14","Item_ID_FDC15","Item_ID_FDC16","Item_ID_FDC17","Item_ID_FDC22","Item_ID_FDC29","Item_ID_FDC32","Item_ID_FDC33","Item_ID_FDC34","Item_ID_FDC35","Item_ID_FDC37","Item_ID_FDC39","Item_ID_FDC41","Item_ID_FDC44","Item_ID_FDC45","Item_ID_FDC46","Item_ID_FDC53","Item_ID_FDC56","Item_ID_FDC57","Item_ID_FDC58","Item_ID_FDC59","Item_ID_FDD02","Item_ID_FDD04","Item_ID_FDD05","Item_ID_FDD08","Item_ID_FDD09","Item_ID_FDD14","Item_ID_FDD17","Item_ID_FDD21","Item_ID_FDD22","Item_ID_FDD23","Item_ID_FDD29","Item_ID_FDD33","Item_ID_FDD34","Item_ID_FDD36","Item_ID_FDD39","Item_ID_FDD40","Item_ID_FDD41","Item_ID_FDD45","Item_ID_FDD46","Item_ID_FDD47","Item_ID_FDD50","Item_ID_FDD51","Item_ID_FDD52","Item_ID_FDD56","Item_ID_FDD57","Item_ID_FDD58","Item_ID_FDE04","Item_ID_FDE10","Item_ID_FDE11","Item_ID_FDE14","Item_ID_FDE17","Item_ID_FDE23","Item_ID_FDE26","Item_ID_FDE34","Item_ID_FDE41","Item_ID_FDE44","Item_ID_FDE46","Item_ID_FDE51","Item_ID_FDE57","Item_ID_FDE59","Item_ID_FDF02","Item_ID_FDF04","Item_ID_FDF05","Item_ID_FDF08","Item_ID_FDF12","Item_ID_FDF20","Item_ID_FDF22","Item_ID_FDF29","Item_ID_FDF34","Item_ID_FDF35","Item_ID_FDF38","Item_ID_FDF39","Item_ID_FDF41","Item_ID_FDF44","Item_ID_FDF45","Item_ID_FDF47","Item_ID_FDF52","Item_ID_FDF53","Item_ID_FDF56","Item_ID_FDF57","Item_ID_FDF59","Item_ID_FDG05","Item_ID_FDG08","Item_ID_FDG09","Item_ID_FDG10","Item_ID_FDG21","Item_ID_FDG24","Item_ID_FDG26","Item_ID_FDG31","Item_ID_FDG32","Item_ID_FDG33","Item_ID_FDG34","Item_ID_FDG35","Item_ID_FDG38","Item_ID_FDG45","Item_ID_FDG46","Item_ID_FDG47","Item_ID_FDG50","Item_ID_FDG52","Item_ID_FDG58","Item_ID_FDG59","Item_ID_FDG60","Item_ID_FDH05","Item_ID_FDH08","Item_ID_FDH10","Item_ID_FDH16","Item_ID_FDH17","Item_ID_FDH19","Item_ID_FDH21","Item_ID_FDH24","Item_ID_FDH26","Item_ID_FDH27","Item_ID_FDH28","Item_ID_FDH31","Item_ID_FDH32","Item_ID_FDH33","Item_ID_FDH35","Item_ID_FDH38","Item_ID_FDH44","Item_ID_FDH45","Item_ID_FDH46","Item_ID_FDH47","Item_ID_FDH50","Item_ID_FDH53","Item_ID_FDH57","Item_ID_FDH58","Item_ID_FDH60","Item_ID_FDI02","Item_ID_FDI04","Item_ID_FDI05","Item_ID_FDI07","Item_ID_FDI08","Item_ID_FDI12","Item_ID_FDI14","Item_ID_FDI15","Item_ID_FDI19","Item_ID_FDI21","Item_ID_FDI24","Item_ID_FDI26","Item_ID_FDI28","Item_ID_FDI33","Item_ID_FDI34","Item_ID_FDI35","Item_ID_FDI40","Item_ID_FDI41","Item_ID_FDI44","Item_ID_FDI46","Item_ID_FDI48","Item_ID_FDI50","Item_ID_FDI53","Item_ID_FDI57","Item_ID_FDI60","Item_ID_FDJ03","Item_ID_FDJ04","Item_ID_FDJ16","Item_ID_FDJ21","Item_ID_FDJ22","Item_ID_FDJ26","Item_ID_FDJ34","Item_ID_FDJ38","Item_ID_FDJ40","Item_ID_FDJ46","Item_ID_FDJ48","Item_ID_FDJ50","Item_ID_FDJ52","Item_ID_FDJ57","Item_ID_FDJ58","Item_ID_FDJ60","Item_ID_FDK02","Item_ID_FDK03","Item_ID_FDK08","Item_ID_FDK10","Item_ID_FDK20","Item_ID_FDK21","Item_ID_FDK28","Item_ID_FDK34","Item_ID_FDK38","Item_ID_FDK40","Item_ID_FDK45","Item_ID_FDK52","Item_ID_FDK58","Item_ID_FDK60","Item_ID_FDL02","Item_ID_FDL03","Item_ID_FDL08","Item_ID_FDL10","Item_ID_FDL12","Item_ID_FDL13","Item_ID_FDL14","Item_ID_FDL15","Item_ID_FDL16","Item_ID_FDL20","Item_ID_FDL21","Item_ID_FDL22","Item_ID_FDL24","Item_ID_FDL25","Item_ID_FDL26","Item_ID_FDL27","Item_ID_FDL34","Item_ID_FDL36","Item_ID_FDL38","Item_ID_FDL43","Item_ID_FDL44","Item_ID_FDL50","Item_ID_FDL51","Item_ID_FDL56","Item_ID_FDL57","Item_ID_FDM01","Item_ID_FDM02","Item_ID_FDM04","Item_ID_FDM08","Item_ID_FDM09","Item_ID_FDM14","Item_ID_FDM15","Item_ID_FDM20","Item_ID_FDM24","Item_ID_FDM25","Item_ID_FDM27","Item_ID_FDM28","Item_ID_FDM32","Item_ID_FDM33","Item_ID_FDM34","Item_ID_FDM38","Item_ID_FDM39","Item_ID_FDM44","Item_ID_FDM45","Item_ID_FDM46","Item_ID_FDM50","Item_ID_FDM51","Item_ID_FDM57","Item_ID_FDM58","Item_ID_FDM60","Item_ID_FDN02","Item_ID_FDN03","Item_ID_FDN09","Item_ID_FDN12","Item_ID_FDN13","Item_ID_FDN21","Item_ID_FDN23","Item_ID_FDN25","Item_ID_FDN27","Item_ID_FDN28","Item_ID_FDN32","Item_ID_FDN38","Item_ID_FDN39","Item_ID_FDN46","Item_ID_FDN48","Item_ID_FDN49","Item_ID_FDN50","Item_ID_FDN56","Item_ID_FDN58","Item_ID_FDN60","Item_ID_FDO09","Item_ID_FDO10","Item_ID_FDO12","Item_ID_FDO16","Item_ID_FDO19","Item_ID_FDO20","Item_ID_FDO21","Item_ID_FDO22","Item_ID_FDO24","Item_ID_FDO27","Item_ID_FDO28","Item_ID_FDO31","Item_ID_FDO32","Item_ID_FDO34","Item_ID_FDO37","Item_ID_FDO39","Item_ID_FDO45","Item_ID_FDO46","Item_ID_FDO48","Item_ID_FDO50","Item_ID_FDO51","Item_ID_FDO52","Item_ID_FDO56","Item_ID_FDO58","Item_ID_FDO60","Item_ID_FDP03","Item_ID_FDP07","Item_ID_FDP08","Item_ID_FDP10","Item_ID_FDP11","Item_ID_FDP16","Item_ID_FDP22","Item_ID_FDP23","Item_ID_FDP25","Item_ID_FDP26","Item_ID_FDP31","Item_ID_FDP32","Item_ID_FDP33","Item_ID_FDP34","Item_ID_FDP37","Item_ID_FDP39","Item_ID_FDP40","Item_ID_FDP44","Item_ID_FDP46","Item_ID_FDP48","Item_ID_FDP49","Item_ID_FDP52","Item_ID_FDP57","Item_ID_FDP60","Item_ID_FDQ01","Item_ID_FDQ08","Item_ID_FDQ11","Item_ID_FDQ13","Item_ID_FDQ15","Item_ID_FDQ20","Item_ID_FDQ21","Item_ID_FDQ23","Item_ID_FDQ25","Item_ID_FDQ27","Item_ID_FDQ31","Item_ID_FDQ32","Item_ID_FDQ33","Item_ID_FDQ34","Item_ID_FDQ36","Item_ID_FDQ37","Item_ID_FDQ39","Item_ID_FDQ40","Item_ID_FDQ44","Item_ID_FDQ45","Item_ID_FDQ46","Item_ID_FDQ47","Item_ID_FDQ52","Item_ID_FDQ57","Item_ID_FDQ58","Item_ID_FDQ59","Item_ID_FDR01","Item_ID_FDR02","Item_ID_FDR04","Item_ID_FDR08","Item_ID_FDR09","Item_ID_FDR10","Item_ID_FDR12","Item_ID_FDR14","Item_ID_FDR15","Item_ID_FDR16","Item_ID_FDR21","Item_ID_FDR22","Item_ID_FDR23","Item_ID_FDR26","Item_ID_FDR27","Item_ID_FDR28","Item_ID_FDR31","Item_ID_FDR32","Item_ID_FDR33","Item_ID_FDR34","Item_ID_FDR35","Item_ID_FDR37","Item_ID_FDR39","Item_ID_FDR44","Item_ID_FDR48","Item_ID_FDR52","Item_ID_FDR58","Item_ID_FDR59","Item_ID_FDS01","Item_ID_FDS02","Item_ID_FDS03","Item_ID_FDS04","Item_ID_FDS07","Item_ID_FDS11","Item_ID_FDS12","Item_ID_FDS14","Item_ID_FDS16","Item_ID_FDS19","Item_ID_FDS20","Item_ID_FDS22","Item_ID_FDS23","Item_ID_FDS25","Item_ID_FDS27","Item_ID_FDS28","Item_ID_FDS31","Item_ID_FDS33","Item_ID_FDS34","Item_ID_FDS35","Item_ID_FDS36","Item_ID_FDS40","Item_ID_FDS43","Item_ID_FDS45","Item_ID_FDS46","Item_ID_FDS47","Item_ID_FDS49","Item_ID_FDS52","Item_ID_FDS55","Item_ID_FDS56","Item_ID_FDS57","Item_ID_FDS58","Item_ID_FDS59","Item_ID_FDS60","Item_ID_FDT02","Item_ID_FDT03","Item_ID_FDT07","Item_ID_FDT08","Item_ID_FDT11","Item_ID_FDT12","Item_ID_FDT15","Item_ID_FDT16","Item_ID_FDT19","Item_ID_FDT21","Item_ID_FDT24","Item_ID_FDT25","Item_ID_FDT26","Item_ID_FDT31","Item_ID_FDT32","Item_ID_FDT33","Item_ID_FDT34","Item_ID_FDT36","Item_ID_FDT39","Item_ID_FDT43","Item_ID_FDT45","Item_ID_FDT46","Item_ID_FDT48","Item_ID_FDT49","Item_ID_FDT51","Item_ID_FDT52","Item_ID_FDT56","Item_ID_FDT57","Item_ID_FDT58","Item_ID_FDT59","Item_ID_FDT60","Item_ID_FDU07","Item_ID_FDU08","Item_ID_FDU10","Item_ID_FDU12","Item_ID_FDU13","Item_ID_FDU15","Item_ID_FDU19","Item_ID_FDU24","Item_ID_FDU25","Item_ID_FDU26","Item_ID_FDU32","Item_ID_FDU33","Item_ID_FDU34","Item_ID_FDU36","Item_ID_FDU39","Item_ID_FDU40","Item_ID_FDU45","Item_ID_FDU49","Item_ID_FDU50","Item_ID_FDU55","Item_ID_FDU58","Item_ID_FDU59","Item_ID_FDV01","Item_ID_FDV02","Item_ID_FDV04","Item_ID_FDV08","Item_ID_FDV09","Item_ID_FDV14","Item_ID_FDV15","Item_ID_FDV16","Item_ID_FDV19","Item_ID_FDV20","Item_ID_FDV21","Item_ID_FDV25","Item_ID_FDV26","Item_ID_FDV28","Item_ID_FDV32","Item_ID_FDV34","Item_ID_FDV37","Item_ID_FDV38","Item_ID_FDV39","Item_ID_FDV44","Item_ID_FDV45","Item_ID_FDV46","Item_ID_FDV47","Item_ID_FDV50","Item_ID_FDV51","Item_ID_FDV52","Item_ID_FDV55","Item_ID_FDV57","Item_ID_FDV60","Item_ID_FDW03","Item_ID_FDW08","Item_ID_FDW09","Item_ID_FDW11","Item_ID_FDW12","Item_ID_FDW13","Item_ID_FDW14","Item_ID_FDW16","Item_ID_FDW19","Item_ID_FDW22","Item_ID_FDW23","Item_ID_FDW25","Item_ID_FDW26","Item_ID_FDW27","Item_ID_FDW28","Item_ID_FDW32","Item_ID_FDW33","Item_ID_FDW35","Item_ID_FDW39","Item_ID_FDW40","Item_ID_FDW43","Item_ID_FDW46","Item_ID_FDW48","Item_ID_FDW50","Item_ID_FDW51","Item_ID_FDW52","Item_ID_FDW55","Item_ID_FDW57","Item_ID_FDW58","Item_ID_FDX01","Item_ID_FDX02","Item_ID_FDX03","Item_ID_FDX04","Item_ID_FDX09","Item_ID_FDX12","Item_ID_FDX13","Item_ID_FDX14","Item_ID_FDX15","Item_ID_FDX16","Item_ID_FDX19","Item_ID_FDX20","Item_ID_FDX22","Item_ID_FDX23","Item_ID_FDX26","Item_ID_FDX27","Item_ID_FDX28","Item_ID_FDX31","Item_ID_FDX33","Item_ID_FDX34","Item_ID_FDX35","Item_ID_FDX36","Item_ID_FDX38","Item_ID_FDX39","Item_ID_FDX44","Item_ID_FDX45","Item_ID_FDX47","Item_ID_FDX55","Item_ID_FDX57","Item_ID_FDX58","Item_ID_FDX59","Item_ID_FDY01","Item_ID_FDY07","Item_ID_FDY11","Item_ID_FDY12","Item_ID_FDY13","Item_ID_FDY14","Item_ID_FDY15","Item_ID_FDY19","Item_ID_FDY20","Item_ID_FDY21","Item_ID_FDY22","Item_ID_FDY25","Item_ID_FDY27","Item_ID_FDY31","Item_ID_FDY33","Item_ID_FDY34","Item_ID_FDY35","Item_ID_FDY37","Item_ID_FDY40","Item_ID_FDY47","Item_ID_FDY48","Item_ID_FDY49","Item_ID_FDY50","Item_ID_FDY51","Item_ID_FDY52","Item_ID_FDY55","Item_ID_FDY57","Item_ID_FDY59","Item_ID_FDZ03","Item_ID_FDZ08","Item_ID_FDZ09","Item_ID_FDZ10","Item_ID_FDZ12","Item_ID_FDZ13","Item_ID_FDZ15","Item_ID_FDZ16","Item_ID_FDZ20","Item_ID_FDZ21","Item_ID_FDZ23","Item_ID_FDZ26","Item_ID_FDZ27","Item_ID_FDZ28","Item_ID_FDZ31","Item_ID_FDZ32","Item_ID_FDZ33","Item_ID_FDZ36","Item_ID_FDZ40","Item_ID_FDZ43","Item_ID_FDZ45","Item_ID_FDZ46","Item_ID_FDZ47","Item_ID_FDZ49","Item_ID_FDZ52","Item_ID_FDZ55","Item_ID_FDZ56","Item_ID_FDZ58","Item_ID_FDZ59","Item_ID_FDZ60","Item_ID_NCA05","Item_ID_NCA06","Item_ID_NCA17","Item_ID_NCA29","Item_ID_NCA30","Item_ID_NCB18","Item_ID_NCB30","Item_ID_NCB31","Item_ID_NCB42","Item_ID_NCB43","Item_ID_NCC06","Item_ID_NCC07","Item_ID_NCC18","Item_ID_NCC19","Item_ID_NCC30","Item_ID_NCC42","Item_ID_NCC43","Item_ID_NCC54","Item_ID_NCD42","Item_ID_NCE07","Item_ID_NCE18","Item_ID_NCE19","Item_ID_NCE31","Item_ID_NCE42","Item_ID_NCE43","Item_ID_NCE54","Item_ID_NCF07","Item_ID_NCF19","Item_ID_NCF31","Item_ID_NCG06","Item_ID_NCG07","Item_ID_NCG18","Item_ID_NCG30","Item_ID_NCG42","Item_ID_NCG43","Item_ID_NCG54","Item_ID_NCG55","Item_ID_NCH07","Item_ID_NCH18","Item_ID_NCH42","Item_ID_NCI06","Item_ID_NCI29","Item_ID_NCI42","Item_ID_NCI54","Item_ID_NCJ05","Item_ID_NCJ18","Item_ID_NCJ19","Item_ID_NCJ29","Item_ID_NCJ30","Item_ID_NCJ54","Item_ID_NCK05","Item_ID_NCK07","Item_ID_NCK18","Item_ID_NCK19","Item_ID_NCK29","Item_ID_NCK30","Item_ID_NCK31","Item_ID_NCK53","Item_ID_NCL05","Item_ID_NCL18","Item_ID_NCL19","Item_ID_NCL30","Item_ID_NCL31","Item_ID_NCL41","Item_ID_NCL53","Item_ID_NCL55","Item_ID_NCM05","Item_ID_NCM07","Item_ID_NCM17","Item_ID_NCM19","Item_ID_NCM29","Item_ID_NCM30","Item_ID_NCM31","Item_ID_NCM41","Item_ID_NCM43","Item_ID_NCM55","Item_ID_NCN05","Item_ID_NCN07","Item_ID_NCN14","Item_ID_NCN17","Item_ID_NCN18","Item_ID_NCN30","Item_ID_NCN42","Item_ID_NCN43","Item_ID_NCN53","Item_ID_NCN54","Item_ID_NCN55","Item_ID_NCO02","Item_ID_NCO06","Item_ID_NCO17","Item_ID_NCO29","Item_ID_NCO30","Item_ID_NCO41","Item_ID_NCO42","Item_ID_NCO43","Item_ID_NCO53","Item_ID_NCO54","Item_ID_NCP02","Item_ID_NCP05","Item_ID_NCP06","Item_ID_NCP17","Item_ID_NCP18","Item_ID_NCP29","Item_ID_NCP30","Item_ID_NCP41","Item_ID_NCP50","Item_ID_NCP54","Item_ID_NCQ06","Item_ID_NCQ18","Item_ID_NCQ41","Item_ID_NCQ53","Item_ID_NCR05","Item_ID_NCR06","Item_ID_NCR18","Item_ID_NCR30","Item_ID_NCR38","Item_ID_NCR41","Item_ID_NCR50","Item_ID_NCS05","Item_ID_NCS06","Item_ID_NCS17","Item_ID_NCS18","Item_ID_NCS30","Item_ID_NCS53","Item_ID_NCS54","Item_ID_NCT06","Item_ID_NCT30","Item_ID_NCT41","Item_ID_NCT42","Item_ID_NCT54","Item_ID_NCU17","Item_ID_NCU18","Item_ID_NCU42","Item_ID_NCU54","Item_ID_NCV17","Item_ID_NCV41","Item_ID_NCV53","Item_ID_NCV54","Item_ID_NCW06","Item_ID_NCW17","Item_ID_NCW41","Item_ID_NCW53","Item_ID_NCW54","Item_ID_NCX05","Item_ID_NCX29","Item_ID_NCX30","Item_ID_NCX41","Item_ID_NCX42","Item_ID_NCX54","Item_ID_NCY06","Item_ID_NCY17","Item_ID_NCY18","Item_ID_NCY29","Item_ID_NCY30","Item_ID_NCY42","Item_ID_NCY53","Item_ID_NCZ17","Item_ID_NCZ18","Item_ID_NCZ29","Item_ID_NCZ41","Item_ID_NCZ42","Item_ID_NCZ53","Item_ID_NCZ54","Sales"],"original_names":null,"column_types":["Numeric","Numeric","Numeric","Numeric","Numeric","Numeric","Numeric","Numeric","Numeric","Numeric","Numeric","Numeric","Numeric","Numeric","Numeric","Numeric","Numeric","Numeric","Numeric","Numeric","Numeric","Numeric","Numeric","Numeric","Numeric","Numeric","Numeric","Numeric","Numeric","Numeric","Numeric","Numeric","Numeric","Numeric","Numeric","Numeric","Numeric","Numeric","Numeric","Numeric","Numeric","Numeric","Numeric","Numeric","Numeric","Numeric","Numeric","Numeric","Numeric","Numeric","Numeric","Numeric","Numeric","Numeric","Numeric","Numeric","Numeric","Numeric","Numeric","Numeric","Numeric","Numeric","Numeric","Numeric","Numeric","Numeric","Numeric","Numeric","Numeric","Numeric","Numeric","Numeric","Numeric","Numeric","Numeric","Numeric","Numeric","Numeric","Numeric","Numeric","Numeric","Numeric","Numeric","Numeric","Numeric","Numeric","Numeric","Numeric","Numeric","Numeric","Numeric","Numeric","Numeric","Numeric","Numeric","Numeric","Numeric","Numeric","Numeric","Numeric","Numeric","Numeric","Numeric","Numeric","Numeric","Numeric","Numeric","Numeric","Numeric","Numeric","Numeric","Numeric","Numeric","Numeric","Numeric","Numeric","Numeric","Numeric","Numeric","Numeric","Numeric","Numeric","Numeric","Numeric","Numeric","Numeric","Numeric","Numeric","Numeric","Numeric","Numeric","Numeric","Numeric","Numeric","Numeric","Numeric","Numeric","Numeric","Numeric","Numeric","Numeric","Numeric","Numeric","Numeric","Numeric","Numeric","Numeric","Numeric","Numeric","Numeric","Numeric","Numeric","Numeric","Numeric","Numeric","Numeric","Numeric","Numeric","Numeric","Numeric","Numeric","Numeric","Numeric","Numeric","Numeric","Numeric","Numeric","Numeric","Numeric","Numeric","Numeric","Numeric","Numeric","Numeric","Numeric","Numeric","Numeric","Numeric","Numeric","Numeric","Numeric","Numeric","Numeric","Numeric","Numeric","Numeric","Numeric","Numeric","Numeric","Numeric","Numeric","Numeric","Numeric","Numeric","Numeric","Numeric","Numeric","Numeric","Numeric","Numeric","Numeric","Numeric","Numeric","Numeric","Numeric","Numeric","Numeric","Numeric","Numeric","Numeric","Numeric","Numeric","Numeric","Numeric","Numeric","Numeric","Numeric","Numeric","Numeric","Numeric","Numeric","Numeric","Numeric","Numeric","Numeric","Numeric","Numeric","Numeric","Numeric","Numeric","Numeric","Numeric","Numeric","Numeric","Numeric","Numeric","Numeric","Numeric","Numeric","Numeric","Numeric","Numeric","Numeric","Numeric","Numeric","Numeric","Numeric","Numeric","Numeric","Numeric","Numeric","Numeric","Numeric","Numeric","Numeric","Numeric","Numeric","Numeric","Numeric","Numeric","Numeric","Numeric","Numeric","Numeric","Numeric","Numeric","Numeric","Numeric","Numeric","Numeric","Numeric","Numeric","Numeric","Numeric","Numeric","Numeric","Numeric","Numeric","Numeric","Numeric","Numeric","Numeric","Numeric","Numeric","Numeric","Numeric","Numeric","Numeric","Numeric","Numeric","Numeric","Numeric","Numeric","Numeric","Numeric","Numeric","Numeric","Numeric","Numeric","Numeric","Numeric","Numeric","Numeric","Numeric","Numeric","Numeric","Numeric","Numeric","Numeric","Numeric","Numeric","Numeric","Numeric","Numeric","Numeric","Numeric","Numeric","Numeric","Numeric","Numeric","Numeric","Numeric","Numeric","Numeric","Numeric","Numeric","Numeric","Numeric","Numeric","Numeric","Numeric","Numeric","Numeric","Numeric","Numeric","Numeric","Numeric","Numeric","Numeric","Numeric","Numeric","Numeric","Numeric","Numeric","Numeric","Numeric","Numeric","Numeric","Numeric","Numeric","Numeric","Numeric","Numeric","Numeric","Numeric","Numeric","Numeric","Numeric","Numeric","Numeric","Numeric","Numeric","Numeric","Numeric","Numeric","Numeric","Numeric","Numeric","Numeric","Numeric","Numeric","Numeric","Numeric","Numeric","Numeric","Numeric","Numeric","Numeric","Numeric","Numeric","Numeric","Numeric","Numeric","Numeric","Numeric","Numeric","Numeric","Numeric","Numeric","Numeric","Numeric","Numeric","Numeric","Numeric","Numeric","Numeric","Numeric","Numeric","Numeric","Numeric","Numeric","Numeric","Numeric","Numeric","Numeric","Numeric","Numeric","Numeric","Numeric","Numeric","Numeric","Numeric","Numeric","Numeric","Numeric","Numeric","Numeric","Numeric","Numeric","Numeric","Numeric","Numeric","Numeric","Numeric","Numeric","Numeric","Numeric","Numeric","Numeric","Numeric","Numeric","Numeric","Numeric","Numeric","Numeric","Numeric","Numeric","Numeric","Numeric","Numeric","Numeric","Numeric","Numeric","Numeric","Numeric","Numeric","Numeric","Numeric","Numeric","Numeric","Numeric","Numeric","Numeric","Numeric","Numeric","Numeric","Numeric","Numeric","Numeric","Numeric","Numeric","Numeric","Numeric","Numeric","Numeric","Numeric","Numeric","Numeric","Numeric","Numeric","Numeric","Numeric","Numeric","Numeric","Numeric","Numeric","Numeric","Numeric","Numeric","Numeric","Numeric","Numeric","Numeric","Numeric","Numeric","Numeric","Numeric","Numeric","Numeric","Numeric","Numeric","Numeric","Numeric","Numeric","Numeric","Numeric","Numeric","Numeric","Numeric","Numeric","Numeric","Numeric","Numeric","Numeric","Numeric","Numeric","Numeric","Numeric","Numeric","Numeric","Numeric","Numeric","Numeric","Numeric","Numeric","Numeric","Numeric","Numeric","Numeric","Numeric","Numeric","Numeric","Numeric","Numeric","Numeric","Numeric","Numeric","Numeric","Numeric","Numeric","Numeric","Numeric","Numeric","Numeric","Numeric","Numeric","Numeric","Numeric","Numeric","Numeric","Numeric","Numeric","Numeric","Numeric","Numeric","Numeric","Numeric","Numeric","Numeric","Numeric","Numeric","Numeric","Numeric","Numeric","Numeric","Numeric","Numeric","Numeric","Numeric","Numeric","Numeric","Numeric","Numeric","Numeric","Numeric","Numeric","Numeric","Numeric","Numeric","Numeric","Numeric","Numeric","Numeric","Numeric","Numeric","Numeric","Numeric","Numeric","Numeric","Numeric","Numeric","Numeric","Numeric","Numeric","Numeric","Numeric","Numeric","Numeric","Numeric","Numeric","Numeric","Numeric","Numeric","Numeric","Numeric","Numeric","Numeric","Numeric","Numeric","Numeric","Numeric","Numeric","Numeric","Numeric","Numeric","Numeric","Numeric","Numeric","Numeric","Numeric","Numeric","Numeric","Numeric","Numeric","Numeric","Numeric","Numeric","Numeric","Numeric","Numeric","Numeric","Numeric","Numeric","Numeric","Numeric","Numeric","Numeric","Numeric","Numeric","Numeric","Numeric","Numeric","Numeric","Numeric","Numeric","Numeric","Numeric","Numeric","Numeric","Numeric","Numeric","Numeric","Numeric","Numeric","Numeric","Numeric","Numeric","Numeric","Numeric","Numeric","Numeric","Numeric","Numeric","Numeric","Numeric","Numeric","Numeric","Numeric","Numeric","Numeric","Numeric","Numeric","Numeric","Numeric","Numeric","Numeric","Numeric","Numeric","Numeric","Numeric","Numeric","Numeric","Numeric","Numeric","Numeric","Numeric","Numeric","Numeric","Numeric","Numeric","Numeric","Numeric","Numeric","Numeric","Numeric","Numeric","Numeric","Numeric","Numeric","Numeric","Numeric","Numeric","Numeric","Numeric","Numeric","Numeric","Numeric","Numeric","Numeric","Numeric","Numeric","Numeric","Numeric","Numeric","Numeric","Numeric","Numeric","Numeric","Numeric","Numeric","Numeric","Numeric","Numeric","Numeric","Numeric","Numeric","Numeric","Numeric","Numeric","Numeric","Numeric","Numeric","Numeric","Numeric","Numeric","Numeric","Numeric","Numeric","Numeric","Numeric","Numeric","Numeric","Numeric","Numeric","Numeric","Numeric","Numeric","Numeric","Numeric","Numeric","Numeric","Numeric","Numeric","Numeric","Numeric","Numeric","Numeric","Numeric","Numeric","Numeric","Numeric","Numeric","Numeric","Numeric","Numeric","Numeric","Numeric","Numeric","Numeric","Numeric","Numeric","Numeric","Numeric","Numeric","Numeric","Numeric","Numeric","Numeric","Numeric","Numeric","Numeric","Numeric","Numeric","Numeric","Numeric","Numeric","Numeric","Numeric","Numeric","Numeric","Numeric","Numeric","Numeric","Numeric","Numeric","Numeric","Numeric","Numeric","Numeric","Numeric","Numeric","Numeric","Numeric","Numeric","Numeric","Numeric","Numeric","Numeric","Numeric","Numeric","Numeric","Numeric","Numeric","Numeric","Numeric","Numeric","Numeric","Numeric","Numeric","Numeric","Numeric","Numeric","Numeric","Numeric","Numeric","Numeric","Numeric","Numeric","Numeric","Numeric","Numeric","Numeric","Numeric","Numeric","Numeric","Numeric","Numeric","Numeric","Numeric","Numeric","Numeric","Numeric","Numeric","Numeric","Numeric","Numeric","Numeric","Numeric","Numeric","Numeric","Numeric","Numeric","Numeric","Numeric","Numeric","Numeric","Numeric","Numeric","Numeric","Numeric","Numeric","Numeric","Numeric","Numeric","Numeric","Numeric","Numeric","Numeric","Numeric","Numeric","Numeric","Numeric","Numeric","Numeric","Numeric","Numeric","Numeric","Numeric","Numeric","Numeric","Numeric","Numeric","Numeric","Numeric","Numeric","Numeric","Numeric","Numeric","Numeric","Numeric","Numeric","Numeric","Numeric","Numeric","Numeric","Numeric","Numeric","Numeric","Numeric","Numeric","Numeric","Numeric","Numeric","Numeric","Numeric","Numeric","Numeric","Numeric","Numeric","Numeric","Numeric","Numeric","Numeric","Numeric","Numeric","Numeric","Numeric","Numeric","Numeric","Numeric","Numeric","Numeric","Numeric","Numeric","Numeric","Numeric","Numeric","Numeric","Numeric","Numeric","Numeric","Numeric","Numeric","Numeric","Numeric"],"domains":[null,null,null,null,null,null,null,null,null,null,null,null,null,null,null,null,null,null,null,null,null,null,null,null,null,null,null,null,null,null,null,null,null,null,null,null,null,null,null,null,null,null,null,null,null,null,null,null,null,null,null,null,null,null,null,null,null,null,null,null,null,null,null,null,null,null,null,null,null,null,null,null,null,null,null,null,null,null,null,null,null,null,null,null,null,null,null,null,null,null,null,null,null,null,null,null,null,null,null,null,null,null,null,null,null,null,null,null,null,null,null,null,null,null,null,null,null,null,null,null,null,null,null,null,null,null,null,null,null,null,null,null,null,null,null,null,null,null,null,null,null,null,null,null,null,null,null,null,null,null,null,null,null,null,null,null,null,null,null,null,null,null,null,null,null,null,null,null,null,null,null,null,null,null,null,null,null,null,null,null,null,null,null,null,null,null,null,null,null,null,null,null,null,null,null,null,null,null,null,null,null,null,null,null,null,null,null,null,null,null,null,null,null,null,null,null,null,null,null,null,null,null,null,null,null,null,null,null,null,null,null,null,null,null,null,null,null,null,null,null,null,null,null,null,null,null,null,null,null,null,null,null,null,null,null,null,null,null,null,null,null,null,null,null,null,null,null,null,null,null,null,null,null,null,null,null,null,null,null,null,null,null,null,null,null,null,null,null,null,null,null,null,null,null,null,null,null,null,null,null,null,null,null,null,null,null,null,null,null,null,null,null,null,null,null,null,null,null,null,null,null,null,null,null,null,null,null,null,null,null,null,null,null,null,null,null,null,null,null,null,null,null,null,null,null,null,null,null,null,null,null,null,null,null,null,null,null,null,null,null,null,null,null,null,null,null,null,null,null,null,null,null,null,null,null,null,null,null,null,null,null,null,null,null,null,null,null,null,null,null,null,null,null,null,null,null,null,null,null,null,null,null,null,null,null,null,null,null,null,null,null,null,null,null,null,null,null,null,null,null,null,null,null,null,null,null,null,null,null,null,null,null,null,null,null,null,null,null,null,null,null,null,null,null,null,null,null,null,null,null,null,null,null,null,null,null,null,null,null,null,null,null,null,null,null,null,null,null,null,null,null,null,null,null,null,null,null,null,null,null,null,null,null,null,null,null,null,null,null,null,null,null,null,null,null,null,null,null,null,null,null,null,null,null,null,null,null,null,null,null,null,null,null,null,null,null,null,null,null,null,null,null,null,null,null,null,null,null,null,null,null,null,null,null,null,null,null,null,null,null,null,null,null,null,null,null,null,null,null,null,null,null,null,null,null,null,null,null,null,null,null,null,null,null,null,null,null,null,null,null,null,null,null,null,null,null,null,null,null,null,null,null,null,null,null,null,null,null,null,null,null,null,null,null,null,null,null,null,null,null,null,null,null,null,null,null,null,null,null,null,null,null,null,null,null,null,null,null,null,null,null,null,null,null,null,null,null,null,null,null,null,null,null,null,null,null,null,null,null,null,null,null,null,null,null,null,null,null,null,null,null,null,null,null,null,null,null,null,null,null,null,null,null,null,null,null,null,null,null,null,null,null,null,null,null,null,null,null,null,null,null,null,null,null,null,null,null,null,null,null,null,null,null,null,null,null,null,null,null,null,null,null,null,null,null,null,null,null,null,null,null,null,null,null,null,null,null,null,null,null,null,null,null,null,null,null,null,null,null,null,null,null,null,null,null,null,null,null,null,null,null,null,null,null,null,null,null,null,null,null,null,null,null,null,null,null,null,null,null,null,null,null,null,null,null,null,null,null,null,null,null,null,null,null,null,null,null,null,null,null,null,null,null,null,null,null,null,null,null,null,null,null,null,null,null,null,null,null,null,null,null,null,null,null,null,null,null,null,null,null,null,null,null,null,null,null,null,null,null,null,null,null,null,null,null,null,null,null,null,null,null,null,null,null,null,null,null,null,null,null,null,null,null,null,null,null,null,null,null,null,null,null,null,null,null,null,null,null,null,null,null,null,null,null,null,null,null,null,null,null,null,null,null,null,null,null,null,null,null,null,null,null,null,null,null,null,null,null,null,null,null,null,null,null,null,null,null,null,null,null,null,null,null,null,null,null,null,null,null,null,null,null,null,null,null,null,null,null,null,null,null,null,null,null,null],"cross_validation_models":null,"cross_validation_predictions":null,"cross_validation_holdout_predictions_frame_id":null,"cross_validation_fold_assignment_frame_id":null,"model_category":"Regression","model_summary":null,"scoring_history":null,"cv_scoring_history":null,"reproducibility_information_table":[{"__meta":{"schema_version":3,"schema_name":"TwoDimTableV3","schema_type":"TwoDimTable"},"name":"Node Information","description":"","columns":[{"__meta":{"schema_version":-1,"schema_name":"ColumnSpecsBase","schema_type":"Iced"},"name":"","type":"string","format":"%s","description":""},{"__meta":{"schema_version":-1,"schema_name":"ColumnSpecsBase","schema_type":"Iced"},"name":"node","type":"int","format":"%d","description":"node"},{"__meta":{"schema_version":-1,"schema_name":"ColumnSpecsBase","schema_type":"Iced"},"name":"h2o","type":"string","format":"%s","description":"h2o"},{"__meta":{"schema_version":-1,"schema_name":"ColumnSpecsBase","schema_type":"Iced"},"name":"healthy","type":"string","format":"%s","description":"healthy"},{"__meta":{"schema_version":-1,"schema_name":"ColumnSpecsBase","schema_type":"Iced"},"name":"last_ping","type":"string","format":"%s","description":"last_ping"},{"__meta":{"schema_version":-1,"schema_name":"ColumnSpecsBase","schema_type":"Iced"},"name":"num_cpus","type":"int","format":"%d","description":"num_cpus"},{"__meta":{"schema_version":-1,"schema_name":"ColumnSpecsBase","schema_type":"Iced"},"name":"sys_load","type":"double","format":"%.5f","description":"sys_load"},{"__meta":{"schema_version":-1,"schema_name":"ColumnSpecsBase","schema_type":"Iced"},"name":"mem_value_size","type":"long","format":"%d","description":"mem_value_size"},{"__meta":{"schema_version":-1,"schema_name":"ColumnSpecsBase","schema_type":"Iced"},"name":"free_mem","type":"long","format":"%d","description":"free_mem"},{"__meta":{"schema_version":-1,"schema_name":"ColumnSpecsBase","schema_type":"Iced"},"name":"pojo_mem","type":"long","format":"%d","description":"pojo_mem"},{"__meta":{"schema_version":-1,"schema_name":"ColumnSpecsBase","schema_type":"Iced"},"name":"swap_mem","type":"long","format":"%d","description":"swap_mem"},{"__meta":{"schema_version":-1,"schema_name":"ColumnSpecsBase","schema_type":"Iced"},"name":"free_disc","type":"long","format":"%d","description":"free_disc"},{"__meta":{"schema_version":-1,"schema_name":"ColumnSpecsBase","schema_type":"Iced"},"name":"max_disc","type":"long","format":"%d","description":"max_disc"},{"__meta":{"schema_version":-1,"schema_name":"ColumnSpecsBase","schema_type":"Iced"},"name":"pid","type":"int","format":"%d","description":"pid"},{"__meta":{"schema_version":-1,"schema_name":"ColumnSpecsBase","schema_type":"Iced"},"name":"num_keys","type":"int","format":"%d","description":"num_keys"},{"__meta":{"schema_version":-1,"schema_name":"ColumnSpecsBase","schema_type":"Iced"},"name":"tcps_active","type":"string","format":"%s","description":"tcps_active"},{"__meta":{"schema_version":-1,"schema_name":"ColumnSpecsBase","schema_type":"Iced"},"name":"open_fds","type":"int","format":"%d","description":"open_fds"},{"__meta":{"schema_version":-1,"schema_name":"ColumnSpecsBase","schema_type":"Iced"},"name":"rpcs_active","type":"string","format":"%s","description":"rpcs_active"},{"__meta":{"schema_version":-1,"schema_name":"ColumnSpecsBase","schema_type":"Iced"},"name":"nthreads","type":"int","format":"%d","description":"nthreads"},{"__meta":{"schema_version":-1,"schema_name":"ColumnSpecsBase","schema_type":"Iced"},"name":"is_leader","type":"string","format":"%s","description":"is_leader"},{"__meta":{"schema_version":-1,"schema_name":"ColumnSpecsBase","schema_type":"Iced"},"name":"total_mem","type":"long","format":"%d","description":"total_mem"},{"__meta":{"schema_version":-1,"schema_name":"ColumnSpecsBase","schema_type":"Iced"},"name":"max_mem","type":"long","format":"%d","description":"max_mem"},{"__meta":{"schema_version":-1,"schema_name":"ColumnSpecsBase","schema_type":"Iced"},"name":"java_version","type":"string","format":"%s","description":"java_version"},{"__meta":{"schema_version":-1,"schema_name":"ColumnSpecsBase","schema_type":"Iced"},"name":"jvm_launch_parameters","type":"string","format":"%s","description":"jvm_launch_parameters"},{"__meta":{"schema_version":-1,"schema_name":"ColumnSpecsBase","schema_type":"Iced"},"name":"os_version","type":"string","format":"%s","description":"os_version"},{"__meta":{"schema_version":-1,"schema_name":"ColumnSpecsBase","schema_type":"Iced"},"name":"machine_physical_mem","type":"long","format":"%d","description":"machine_physical_mem"},{"__meta":{"schema_version":-1,"schema_name":"ColumnSpecsBase","schema_type":"Iced"},"name":"machine_locale","type":"string","format":"%s","description":"machine_locale"}],"rowcount":1,"data":[[""],[0],["127.0.0.1:54321"],["true"],["1636725500761"],[8],[1.0],[22882596],[11252003562],[178709490],[0],[48132784128],[254704353280],[18868],[110120],["\u0000"],[-1],["\u0000"],[8],["true"],[3654811648],[11453595648],["Java 1.8.0_291 (from Oracle Corporation)"],["[-ea, -Xmx12G]"],["Windows 10 10.0 (amd64)"],[14904889344],["en_US"]]},{"__meta":{"schema_version":3,"schema_name":"TwoDimTableV3","schema_type":"TwoDimTable"},"name":"Cluster Configuration","description":"","columns":[{"__meta":{"schema_version":-1,"schema_name":"ColumnSpecsBase","schema_type":"Iced"},"name":"","type":"string","format":"%s","description":""},{"__meta":{"schema_version":-1,"schema_name":"ColumnSpecsBase","schema_type":"Iced"},"name":"h2o_cluster_uptime","type":"long","format":"%d","description":"H2O cluster uptime"},{"__meta":{"schema_version":-1,"schema_name":"ColumnSpecsBase","schema_type":"Iced"},"name":"h2o_cluster_timezone","type":"string","format":"%s","description":"H2O cluster timezone"},{"__meta":{"schema_version":-1,"schema_name":"ColumnSpecsBase","schema_type":"Iced"},"name":"h2o_data_parsing_timezone","type":"string","format":"%s","description":"H2O data parsing timezone"},{"__meta":{"schema_version":-1,"schema_name":"ColumnSpecsBase","schema_type":"Iced"},"name":"h2o_cluster_version","type":"string","format":"%s","description":"H2O cluster version"},{"__meta":{"schema_version":-1,"schema_name":"ColumnSpecsBase","schema_type":"Iced"},"name":"h2o_cluster_version_age","type":"string","format":"%s","description":"H2O cluster version age"},{"__meta":{"schema_version":-1,"schema_name":"ColumnSpecsBase","schema_type":"Iced"},"name":"h2o_cluster_name","type":"string","format":"%s","description":"H2O cluster name"},{"__meta":{"schema_version":-1,"schema_name":"ColumnSpecsBase","schema_type":"Iced"},"name":"h2o_cluster_total_nodes","type":"int","format":"%d","description":"H2O cluster total nodes"},{"__meta":{"schema_version":-1,"schema_name":"ColumnSpecsBase","schema_type":"Iced"},"name":"h2o_cluster_free_memory","type":"long","format":"%d","description":"H2O cluster free memory"},{"__meta":{"schema_version":-1,"schema_name":"ColumnSpecsBase","schema_type":"Iced"},"name":"h2o_cluster_total_cores","type":"int","format":"%d","description":"H2O cluster total cores"},{"__meta":{"schema_version":-1,"schema_name":"ColumnSpecsBase","schema_type":"Iced"},"name":"h2o_cluster_allowed_cores","type":"int","format":"%d","description":"H2O cluster allowed cores"},{"__meta":{"schema_version":-1,"schema_name":"ColumnSpecsBase","schema_type":"Iced"},"name":"h2o_cluster_status","type":"string","format":"%s","description":"H2O cluster status"},{"__meta":{"schema_version":-1,"schema_name":"ColumnSpecsBase","schema_type":"Iced"},"name":"h2o_internal_security","type":"string","format":"%s","description":"H2O internal security"},{"__meta":{"schema_version":-1,"schema_name":"ColumnSpecsBase","schema_type":"Iced"},"name":"h2o_api_extensions","type":"string","format":"%s","description":"H2O API Extensions"}],"rowcount":1,"data":[[""],[678861],["Asia/Kolkata"],["UTC"],["3.34.0.3"],["1 month and 5 days"],["H2O_from_python_SESA475934_oljr6y"],[1],[11252003562],[8],[8],["locked, healthly"],["false"],["Amazon S3, Algos, AutoML, Core V3, TargetEncoder, Core V4"]]},{"__meta":{"schema_version":3,"schema_name":"TwoDimTableV3","schema_type":"TwoDimTable"},"name":"Input Frames Information","description":"","columns":[{"__meta":{"schema_version":-1,"schema_name":"ColumnSpecsBase","schema_type":"Iced"},"name":"","type":"string","format":"%s","description":""},{"__meta":{"schema_version":-1,"schema_name":"ColumnSpecsBase","schema_type":"Iced"},"name":"input_frame","type":"string","format":"%s","description":"Input Frame"},{"__meta":{"schema_version":-1,"schema_name":"ColumnSpecsBase","schema_type":"Iced"},"name":"checksum","type":"long","format":"%d","description":"Checksum"},{"__meta":{"schema_version":-1,"schema_name":"ColumnSpecsBase","schema_type":"Iced"},"name":"espc","type":"string","format":"%d","description":"ESPC"}],"rowcount":2,"data":[["",""],["training_frame","validation_frame"],[708589524771022768,-1],["[0, 1121, 2245, 3369, 4493, 5618, 6742, 7867, 8991, 10115, 11240, 12364, 13488, 14613, 15737, 16862, 17986, 19110, 20235, 21359, 22484, 23608, 24732, 25857, 26981, 28105, 29230, 30354, 31478, 32602, 33726, 34850, 35975, 37100, 38224, 39348, 40472, 41596, 42721, 43845, 44970, 46094, 47218, 48342, 49467, 50591, 51715, 52839, 53964, 55088, 56212, 57337, 58461, 59586, 60710, 61834, 62959, 64083, 65207, 66331, 67456, 68580, 69704, 70828, 71952, 73077, 74201, 75325, 76450, 77574, 78698, 79823, 80947, 82072, 83196, 84320, 85445, 86569, 87693, 87864]","-1"]]}],"training_metrics":{"__meta":{"schema_version":3,"schema_name":"ModelMetricsRegressionGLMV3","schema_type":"ModelMetricsRegressionGLM"},"model":{"__meta":{"schema_version":3,"schema_name":"ModelKeyV3","schema_type":"Key<Model>"},"name":"StackedEnsemble_BestOfFamily_1_AutoML_1_20211112_192015","type":"Key<Model>","URL":"/3/Models/StackedEnsemble_BestOfFamily_1_AutoML_1_20211112_192015"},"model_checksum":-831774540987758784,"frame":null,"frame_checksum":0,"description":null,"model_category":"Regression","scoring_time":1636725503510,"predictions":null,"MSE":1536218.4551937575,"RMSE":1239.4428002912266,"nobs":9934,"custom_metric_name":null,"custom_metric_value":0.0,"r2":0.06131799204437327,"mean_residual_deviance":1536218.4551937575,"mae":969.3986925187245,"rmsle":0.8394950494939293,"residual_deviance":1.5260794133894787E10,"null_deviance":1.62577098923773E10,"AIC":169705.6557670177,"null_degrees_of_freedom":9933,"residual_degrees_of_freedom":9932},"validation_metrics":null,"cross_validation_metrics":{"__meta":{"schema_version":3,"schema_name":"ModelMetricsRegressionGLMV3","schema_type":"ModelMetricsRegressionGLM"},"model":{"__meta":{"schema_version":3,"schema_name":"ModelKeyV3","schema_type":"Key<Model>"},"name":"StackedEnsemble_BestOfFamily_1_AutoML_1_20211112_192015","type":"Key<Model>","URL":"/3/Models/StackedEnsemble_BestOfFamily_1_AutoML_1_20211112_192015"},"model_checksum":-831774540987758784,"frame":{"__meta":{"schema_version":3,"schema_name":"FrameKeyV3","schema_type":"Key<Frame>"},"name":"levelone_training_StackedEnsemble_BestOfFamily_1_AutoML_1_20211112_192015","type":"Key<Frame>","URL":"/3/Frames/levelone_training_StackedEnsemble_BestOfFamily_1_AutoML_1_20211112_192015"},"frame_checksum":-731993022134079564,"description":"5-fold cross-validation on training data (Metrics computed for combined holdout predictions)","model_category":"Regression","scoring_time":1636725502037,"predictions":null,"MSE":1626518.4485328859,"RMSE":1275.350323845525,"nobs":87864,"custom_metric_name":null,"custom_metric_value":0.0,"r2":0.022710161479497004,"mean_residual_deviance":1626518.4485328859,"mae":1000.7149586776608,"rmsle":0.851622067771365,"residual_deviance":1.429124169618935E11,"null_deviance":1.4623468951166205E11,"AIC":1505979.9733638384,"null_degrees_of_freedom":87863,"residual_degrees_of_freedom":87862},"cross_validation_metrics_summary":null,"status":null,"start_time":1636725501201,"end_time":1636725503665,"run_time":2464,"default_threshold":0.5,"help":{"levelone_frame_id":"Level one frame used for metalearner training.", "domains":"Domains for categorical columns", "__meta":"Metadata on this schema instance, to make it self-describing.", "help":"Help information for output fields", "training_metrics":"Training data model metrics", "cross_validation_models":"Cross-validation models (model ids)", "cross_validation_predictions":"Cross-validation predictions, one per cv model (deprecated, use cross_validation_holdout_predictions_frame_id instead)", "cross_validation_metrics_summary":"Cross-validation model metrics summary", "status":"Job status", "reproducibility_information_table":"Model reproducibility information", "model_summary":"Model summary", "end_time":"End time in milliseconds", "names":"Column names", "stacking_strategy":"The stacking strategy used for training.", "cross_validation_fold_assignment_frame_id":"Cross-validation fold assignment (each row is assigned to one holdout fold)", "metalearner":"Model which combines the base_models into a stacked ensemble.", "run_time":"Runtime in milliseconds", "default_threshold":"Default threshold used for predictions", "scoring_history":"Scoring history", "cross_validation_holdout_predictions_frame_id":"Cross-validation holdout predictions (full out-of-sample predictions on training data)", "model_category":"Category of the model (e.g., Binomial)", "column_types":"Column types", "original_names":"Original column names", "start_time":"Start time in milliseconds", "cv_scoring_history":"Cross-Validation scoring history", "cross_validation_metrics":"Cross-validation model metrics", "validation_metrics":"Validation data model metrics"},"metalearner":{"__meta":{"schema_version":3,"schema_name":"ModelKeyV3","schema_type":"Key<Model>"},"name":"metalearner_AUTO_StackedEnsemble_BestOfFamily_1_AutoML_1_20211112_192015","type":"Key<Model>","URL":"/3/Models/metalearner_AUTO_StackedEnsemble_BestOfFamily_1_AutoML_1_20211112_192015"},"levelone_frame_id":{"__meta":{"schema_version":3,"schema_name":"FrameKeyV3","schema_type":"Key<Frame>"},"name":"levelone_training_StackedEnsemble_BestOfFamily_1_AutoML_1_20211112_192015","type":"Key<Frame>","URL":"/3/Frames/levelone_training_StackedEnsemble_BestOfFamily_1_AutoML_1_20211112_192015"},"stacking_strategy":"cross_validation"},"compatible_frames":null}
