{"__meta":{"schema_version":3,"schema_name":"GLMModelV3","schema_type":"GLMModel"},"model_id":{"__meta":{"schema_version":3,"schema_name":"ModelKeyV3","schema_type":"Key<Model>"},"name":"metalearner_AUTO_StackedEnsemble_BestOfFamily_1_AutoML_1_20211112_192015","type":"Key<Model>","URL":"/3/Models/metalearner_AUTO_StackedEnsemble_BestOfFamily_1_AutoML_1_20211112_192015"},"algo":"glm","algo_full_name":"Generalized Linear Modeling","response_column_name":"Sales","data_frame":{"__meta":{"schema_version":3,"schema_name":"FrameKeyV3","schema_type":"Key<Frame>"},"name":"levelone_training_StackedEnsemble_BestOfFamily_1_AutoML_1_20211112_192015","type":"Key<Frame>","URL":"/3/Frames/levelone_training_StackedEnsemble_BestOfFamily_1_AutoML_1_20211112_192015"},"timestamp":1636725502051,"have_pojo":true,"have_mojo":true,"algo":"glm","algo_full_name":"Generalized Linear Modeling","model_id":{"__meta":{"schema_version":3,"schema_name":"ModelKeyV3","schema_type":"Key<Model>"},"name":"metalearner_AUTO_StackedEnsemble_BestOfFamily_1_AutoML_1_20211112_192015","type":"Key<Model>","URL":"/3/Models/metalearner_AUTO_StackedEnsemble_BestOfFamily_1_AutoML_1_20211112_192015"},"parameters":[{"__meta":{"schema_version":3,"schema_name":"ModelParameterSchemaV3","schema_type":"Iced"},"name":"model_id","label":"model_id","help":"Destination id for this model; auto-generated if not specified.","required":false,"type":"Key<Model>","default_value":null,"actual_value":{"__meta":{"schema_version":3,"schema_name":"ModelKeyV3","schema_type":"Key<Model>"},"name":"metalearner_AUTO_StackedEnsemble_BestOfFamily_1_AutoML_1_20211112_192015","type":"Key<Model>","URL":"/3/Models/metalearner_AUTO_StackedEnsemble_BestOfFamily_1_AutoML_1_20211112_192015"},"input_value":null,"level":"critical","values":[],"is_member_of_frames":[],"is_mutually_exclusive_with":[],"gridable":false},{"__meta":{"schema_version":3,"schema_name":"ModelParameterSchemaV3","schema_type":"Iced"},"name":"training_frame","label":"training_frame","help":"Id of the training data frame.","required":false,"type":"Key<Frame>","default_value":null,"actual_value":{"__meta":{"schema_version":3,"schema_name":"FrameKeyV3","schema_type":"Key<Frame>"},"name":"levelone_training_StackedEnsemble_BestOfFamily_1_AutoML_1_20211112_192015","type":"Key<Frame>","URL":"/3/Frames/levelone_training_StackedEnsemble_BestOfFamily_1_AutoML_1_20211112_192015"},"input_value":null,"level":"critical","values":[],"is_member_of_frames":[],"is_mutually_exclusive_with":[],"gridable":false},{"__meta":{"schema_version":3,"schema_name":"ModelParameterSchemaV3","schema_type":"Iced"},"name":"validation_frame","label":"validation_frame","help":"Id of the validation data frame.","required":false,"type":"Key<Frame>","default_value":null,"actual_value":null,"input_value":null,"level":"critical","values":[],"is_member_of_frames":[],"is_mutually_exclusive_with":[],"gridable":true},{"__meta":{"schema_version":3,"schema_name":"ModelParameterSchemaV3","schema_type":"Iced"},"name":"nfolds","label":"nfolds","help":"Number of folds for K-fold cross-validation (0 to disable or >= 2).","required":false,"type":"int","default_value":0,"actual_value":5,"input_value":0,"level":"critical","values":[],"is_member_of_frames":[],"is_mutually_exclusive_with":[],"gridable":false},{"__meta":{"schema_version":3,"schema_name":"ModelParameterSchemaV3","schema_type":"Iced"},"name":"checkpoint","label":"checkpoint","help":"Model checkpoint to resume training with.","required":false,"type":"Key<Model>","default_value":null,"actual_value":null,"input_value":null,"level":"secondary","values":[],"is_member_of_frames":[],"is_mutually_exclusive_with":[],"gridable":false},{"__meta":{"schema_version":3,"schema_name":"ModelParameterSchemaV3","schema_type":"Iced"},"name":"export_checkpoints_dir","label":"export_checkpoints_dir","help":"Automatically export generated models to this directory.","required":false,"type":"string","default_value":null,"actual_value":null,"input_value":null,"level":"secondary","values":[],"is_member_of_frames":[],"is_mutually_exclusive_with":[],"gridable":false},{"__meta":{"schema_version":3,"schema_name":"ModelParameterSchemaV3","schema_type":"Iced"},"name":"seed","label":"seed","help":"Seed for pseudo random number generator (if applicable)","required":false,"type":"long","default_value":-1,"actual_value":3,"input_value":-1,"level":"critical","values":[],"is_member_of_frames":[],"is_mutually_exclusive_with":[],"gridable":true},{"__meta":{"schema_version":3,"schema_name":"ModelParameterSchemaV3","schema_type":"Iced"},"name":"keep_cross_validation_models","label":"keep_cross_validation_models","help":"Whether to keep the cross-validation models.","required":false,"type":"boolean","default_value":true,"actual_value":false,"input_value":true,"level":"expert","values":[],"is_member_of_frames":[],"is_mutually_exclusive_with":[],"gridable":false},{"__meta":{"schema_version":3,"schema_name":"ModelParameterSchemaV3","schema_type":"Iced"},"name":"keep_cross_validation_predictions","label":"keep_cross_validation_predictions","help":"Whether to keep the predictions of the cross-validation models.","required":false,"type":"boolean","default_value":false,"actual_value":false,"input_value":false,"level":"expert","values":[],"is_member_of_frames":[],"is_mutually_exclusive_with":[],"gridable":false},{"__meta":{"schema_version":3,"schema_name":"ModelParameterSchemaV3","schema_type":"Iced"},"name":"keep_cross_validation_fold_assignment","label":"keep_cross_validation_fold_assignment","help":"Whether to keep the cross-validation fold assignment.","required":false,"type":"boolean","default_value":false,"actual_value":false,"input_value":false,"level":"expert","values":[],"is_member_of_frames":[],"is_mutually_exclusive_with":[],"gridable":false},{"__meta":{"schema_version":3,"schema_name":"ModelParameterSchemaV3","schema_type":"Iced"},"name":"fold_assignment","label":"fold_assignment","help":"Cross-validation fold assignment scheme, if fold_column is not specified. The 'Stratified' option will stratify the folds based on the response variable, for classification problems.","required":false,"type":"enum","default_value":"AUTO","actual_value":"Random","input_value":"AUTO","level":"secondary","values":["AUTO","Random","Modulo","Stratified"],"is_member_of_frames":[],"is_mutually_exclusive_with":[],"gridable":true},{"__meta":{"schema_version":3,"schema_name":"ModelParameterSchemaV3","schema_type":"Iced"},"name":"fold_column","label":"fold_column","help":"Column with cross-validation fold index assignment per observation.","required":false,"type":"VecSpecifier","default_value":null,"actual_value":null,"input_value":null,"level":"secondary","values":[],"is_member_of_frames":["training_frame"],"is_mutually_exclusive_with":["response_column","weights_column","ignored_columns","offset_column"],"gridable":true},{"__meta":{"schema_version":3,"schema_name":"ModelParameterSchemaV3","schema_type":"Iced"},"name":"response_column","label":"response_column","help":"Response variable column.","required":false,"type":"VecSpecifier","default_value":null,"actual_value":{"__meta":{"schema_version":3,"schema_name":"ColSpecifierV3","schema_type":"VecSpecifier"},"column_name":"Sales","is_member_of_frames":null},"input_value":null,"level":"critical","values":[],"is_member_of_frames":["training_frame","validation_frame"],"is_mutually_exclusive_with":["weights_column","ignored_columns","offset_column","fold_column"],"gridable":true},{"__meta":{"schema_version":3,"schema_name":"ModelParameterSchemaV3","schema_type":"Iced"},"name":"ignored_columns","label":"ignored_columns","help":"Names of columns to ignore for training.","required":false,"type":"string[]","default_value":null,"actual_value":null,"input_value":null,"level":"critical","values":[],"is_member_of_frames":["training_frame","validation_frame"],"is_mutually_exclusive_with":["response_column","weights_column","offset_column","fold_column"],"gridable":false},{"__meta":{"schema_version":3,"schema_name":"ModelParameterSchemaV3","schema_type":"Iced"},"name":"random_columns","label":"random_columns","help":"random columns indices for HGLM.","required":false,"type":"int[]","default_value":null,"actual_value":null,"input_value":null,"level":"critical","values":[],"is_member_of_frames":[],"is_mutually_exclusive_with":[],"gridable":false},{"__meta":{"schema_version":3,"schema_name":"ModelParameterSchemaV3","schema_type":"Iced"},"name":"ignore_const_cols","label":"ignore_const_cols","help":"Ignore constant columns.","required":false,"type":"boolean","default_value":true,"actual_value":true,"input_value":true,"level":"critical","values":[],"is_member_of_frames":[],"is_mutually_exclusive_with":[],"gridable":false},{"__meta":{"schema_version":3,"schema_name":"ModelParameterSchemaV3","schema_type":"Iced"},"name":"score_each_iteration","label":"score_each_iteration","help":"Whether to score during each iteration of model training.","required":false,"type":"boolean","default_value":false,"actual_value":false,"input_value":false,"level":"secondary","values":[],"is_member_of_frames":[],"is_mutually_exclusive_with":[],"gridable":false},{"__meta":{"schema_version":3,"schema_name":"ModelParameterSchemaV3","schema_type":"Iced"},"name":"score_iteration_interval","label":"score_iteration_interval","help":"Perform scoring for every score_iteration_interval iterations","required":false,"type":"int","default_value":-1,"actual_value":5,"input_value":-1,"level":"secondary","values":[],"is_member_of_frames":[],"is_mutually_exclusive_with":[],"gridable":false},{"__meta":{"schema_version":3,"schema_name":"ModelParameterSchemaV3","schema_type":"Iced"},"name":"offset_column","label":"offset_column","help":"Offset column. This will be added to the combination of columns before applying the link function.","required":false,"type":"VecSpecifier","default_value":null,"actual_value":null,"input_value":null,"level":"secondary","values":[],"is_member_of_frames":["training_frame","validation_frame"],"is_mutually_exclusive_with":["response_column","weights_column","ignored_columns","fold_column"],"gridable":true},{"__meta":{"schema_version":3,"schema_name":"ModelParameterSchemaV3","schema_type":"Iced"},"name":"weights_column","label":"weights_column","help":"Column with observation weights. Giving some observation a weight of zero is equivalent to excluding it from the dataset; giving an observation a relative weight of 2 is equivalent to repeating that row twice. Negative weights are not allowed. Note: Weights are per-row observation weights and do not increase the size of the data frame. This is typically the number of times a row is repeated, but non-integer values are supported as well. During training, rows with higher weights matter more, due to the larger loss function pre-factor. If you set weight = 0 for a row, the returned prediction frame at that row is zero and this is incorrect. To get an accurate prediction, remove all rows with weight == 0.","required":false,"type":"VecSpecifier","default_value":null,"actual_value":null,"input_value":null,"level":"secondary","values":[],"is_member_of_frames":["training_frame","validation_frame"],"is_mutually_exclusive_with":["response_column","ignored_columns","offset_column","fold_column"],"gridable":true},{"__meta":{"schema_version":3,"schema_name":"ModelParameterSchemaV3","schema_type":"Iced"},"name":"family","label":"family","help":"Family. Use binomial for classification with logistic regression, others are for regression problems.","required":false,"type":"enum","default_value":"AUTO","actual_value":"gaussian","input_value":"AUTO","level":"critical","values":["AUTO","gaussian","binomial","fractionalbinomial","quasibinomial","ordinal","multinomial","poisson","gamma","tweedie","negativebinomial"],"is_member_of_frames":[],"is_mutually_exclusive_with":[],"gridable":false},{"__meta":{"schema_version":3,"schema_name":"ModelParameterSchemaV3","schema_type":"Iced"},"name":"rand_family","label":"rand_family","help":"Random Component Family array.  One for each random component. Only support gaussian for now.","required":false,"type":"enum[]","default_value":null,"actual_value":null,"input_value":null,"level":"critical","values":["[gaussian]"],"is_member_of_frames":[],"is_mutually_exclusive_with":[],"gridable":true},{"__meta":{"schema_version":3,"schema_name":"ModelParameterSchemaV3","schema_type":"Iced"},"name":"tweedie_variance_power","label":"tweedie_variance_power","help":"Tweedie variance power","required":false,"type":"double","default_value":0.0,"actual_value":0.0,"input_value":0.0,"level":"critical","values":[],"is_member_of_frames":[],"is_mutually_exclusive_with":[],"gridable":true},{"__meta":{"schema_version":3,"schema_name":"ModelParameterSchemaV3","schema_type":"Iced"},"name":"tweedie_link_power","label":"tweedie_link_power","help":"Tweedie link power","required":false,"type":"double","default_value":1.0,"actual_value":1.0,"input_value":1.0,"level":"critical","values":[],"is_member_of_frames":[],"is_mutually_exclusive_with":[],"gridable":true},{"__meta":{"schema_version":3,"schema_name":"ModelParameterSchemaV3","schema_type":"Iced"},"name":"theta","label":"theta","help":"Theta","required":false,"type":"double","default_value":1.0E-10,"actual_value":1.0E-10,"input_value":1.0E-10,"level":"critical","values":[],"is_member_of_frames":[],"is_mutually_exclusive_with":[],"gridable":true},{"__meta":{"schema_version":3,"schema_name":"ModelParameterSchemaV3","schema_type":"Iced"},"name":"solver","label":"solver","help":"AUTO will set the solver based on given data and the other parameters. IRLSM is fast on on problems with small number of predictors and for lambda-search with L1 penalty, L_BFGS scales better for datasets with many columns.","required":false,"type":"enum","default_value":"AUTO","actual_value":"COORDINATE_DESCENT","input_value":"AUTO","level":"critical","values":["AUTO","IRLSM","L_BFGS","COORDINATE_DESCENT_NAIVE","COORDINATE_DESCENT","GRADIENT_DESCENT_LH","GRADIENT_DESCENT_SQERR"],"is_member_of_frames":[],"is_mutually_exclusive_with":[],"gridable":false},{"__meta":{"schema_version":3,"schema_name":"ModelParameterSchemaV3","schema_type":"Iced"},"name":"alpha","label":"alpha","help":"Distribution of regularization between the L1 (Lasso) and L2 (Ridge) penalties. A value of 1 for alpha represents Lasso regression, a value of 0 produces Ridge regression, and anything in between specifies the amount of mixing between the two. Default value of alpha is 0 when SOLVER = 'L-BFGS'; 0.5 otherwise.","required":false,"type":"double[]","default_value":null,"actual_value":[0.5,1.0],"input_value":null,"level":"critical","values":[],"is_member_of_frames":[],"is_mutually_exclusive_with":[],"gridable":true},{"__meta":{"schema_version":3,"schema_name":"ModelParameterSchemaV3","schema_type":"Iced"},"name":"lambda","label":"lambda","help":"Regularization strength","required":false,"type":"double[]","default_value":null,"actual_value":[79.26081530436555],"input_value":null,"level":"critical","values":[],"is_member_of_frames":[],"is_mutually_exclusive_with":[],"gridable":true},{"__meta":{"schema_version":3,"schema_name":"ModelParameterSchemaV3","schema_type":"Iced"},"name":"lambda_search","label":"lambda_search","help":"Use lambda search starting at lambda max, given lambda is then interpreted as lambda min","required":false,"type":"boolean","default_value":false,"actual_value":false,"input_value":false,"level":"critical","values":[],"is_member_of_frames":[],"is_mutually_exclusive_with":[],"gridable":false},{"__meta":{"schema_version":3,"schema_name":"ModelParameterSchemaV3","schema_type":"Iced"},"name":"early_stopping","label":"early_stopping","help":"Stop early when there is no more relative improvement on train or validation (if provided)","required":false,"type":"boolean","default_value":true,"actual_value":true,"input_value":true,"level":"critical","values":[],"is_member_of_frames":[],"is_mutually_exclusive_with":[],"gridable":false},{"__meta":{"schema_version":3,"schema_name":"ModelParameterSchemaV3","schema_type":"Iced"},"name":"nlambdas","label":"nlambdas","help":"Number of lambdas to be used in a search. Default indicates: If alpha is zero, with lambda search set to True, the value of nlamdas is set to 30 (fewer lambdas are needed for ridge regression) otherwise it is set to 100.","required":false,"type":"int","default_value":-1,"actual_value":-1,"input_value":-1,"level":"critical","values":[],"is_member_of_frames":[],"is_mutually_exclusive_with":[],"gridable":false},{"__meta":{"schema_version":3,"schema_name":"ModelParameterSchemaV3","schema_type":"Iced"},"name":"standardize","label":"standardize","help":"Standardize numeric columns to have zero mean and unit variance","required":false,"type":"boolean","default_value":true,"actual_value":false,"input_value":true,"level":"critical","values":[],"is_member_of_frames":[],"is_mutually_exclusive_with":[],"gridable":false},{"__meta":{"schema_version":3,"schema_name":"ModelParameterSchemaV3","schema_type":"Iced"},"name":"missing_values_handling","label":"missing_values_handling","help":"Handling of missing values. Either MeanImputation, Skip or PlugValues.","required":false,"type":"enum","default_value":"MeanImputation","actual_value":"MeanImputation","input_value":"MeanImputation","level":"expert","values":["MeanImputation","Skip","PlugValues"],"is_member_of_frames":[],"is_mutually_exclusive_with":[],"gridable":true},{"__meta":{"schema_version":3,"schema_name":"ModelParameterSchemaV3","schema_type":"Iced"},"name":"plug_values","label":"plug_values","help":"Plug Values (a single row frame containing values that will be used to impute missing values of the training/validation frame, use with conjunction missing_values_handling = PlugValues)","required":false,"type":"Key<Frame>","default_value":null,"actual_value":null,"input_value":null,"level":"critical","values":[],"is_member_of_frames":[],"is_mutually_exclusive_with":[],"gridable":false},{"__meta":{"schema_version":3,"schema_name":"ModelParameterSchemaV3","schema_type":"Iced"},"name":"compute_p_values","label":"compute_p_values","help":"Request p-values computation, p-values work only with IRLSM solver and no regularization","required":false,"type":"boolean","default_value":false,"actual_value":false,"input_value":false,"level":"secondary","values":[],"is_member_of_frames":[],"is_mutually_exclusive_with":[],"gridable":false},{"__meta":{"schema_version":3,"schema_name":"ModelParameterSchemaV3","schema_type":"Iced"},"name":"remove_collinear_columns","label":"remove_collinear_columns","help":"In case of linearly dependent columns, remove some of the dependent columns","required":false,"type":"boolean","default_value":false,"actual_value":false,"input_value":false,"level":"secondary","values":[],"is_member_of_frames":[],"is_mutually_exclusive_with":[],"gridable":false},{"__meta":{"schema_version":3,"schema_name":"ModelParameterSchemaV3","schema_type":"Iced"},"name":"intercept","label":"intercept","help":"Include constant term in the model","required":false,"type":"boolean","default_value":true,"actual_value":true,"input_value":true,"level":"expert","values":[],"is_member_of_frames":[],"is_mutually_exclusive_with":[],"gridable":false},{"__meta":{"schema_version":3,"schema_name":"ModelParameterSchemaV3","schema_type":"Iced"},"name":"non_negative","label":"non_negative","help":"Restrict coefficients (not intercept) to be non-negative","required":false,"type":"boolean","default_value":false,"actual_value":true,"input_value":false,"level":"critical","values":[],"is_member_of_frames":[],"is_mutually_exclusive_with":[],"gridable":false},{"__meta":{"schema_version":3,"schema_name":"ModelParameterSchemaV3","schema_type":"Iced"},"name":"max_iterations","label":"max_iterations","help":"Maximum number of iterations","required":false,"type":"int","default_value":-1,"actual_value":50,"input_value":-1,"level":"secondary","values":[],"is_member_of_frames":[],"is_mutually_exclusive_with":[],"gridable":false},{"__meta":{"schema_version":3,"schema_name":"ModelParameterSchemaV3","schema_type":"Iced"},"name":"objective_epsilon","label":"objective_epsilon","help":"Converge if  objective value changes less than this. Default indicates: If lambda_search is set to True the value of objective_epsilon is set to .0001. If the lambda_search is set to False and lambda is equal to zero, the value of objective_epsilon is set to .000001, for any other value of lambda the default value of objective_epsilon is set to .0001.","required":false,"type":"double","default_value":-1.0,"actual_value":1.0E-4,"input_value":-1.0,"level":"expert","values":[],"is_member_of_frames":[],"is_mutually_exclusive_with":[],"gridable":false},{"__meta":{"schema_version":3,"schema_name":"ModelParameterSchemaV3","schema_type":"Iced"},"name":"beta_epsilon","label":"beta_epsilon","help":"Converge if  beta changes less (using L-infinity norm) than beta esilon, ONLY applies to IRLSM solver ","required":false,"type":"double","default_value":1.0E-4,"actual_value":1.0E-4,"input_value":1.0E-4,"level":"expert","values":[],"is_member_of_frames":[],"is_mutually_exclusive_with":[],"gridable":false},{"__meta":{"schema_version":3,"schema_name":"ModelParameterSchemaV3","schema_type":"Iced"},"name":"gradient_epsilon","label":"gradient_epsilon","help":"Converge if  objective changes less (using L-infinity norm) than this, ONLY applies to L-BFGS solver. Default indicates: If lambda_search is set to False and lambda is equal to zero, the default value of gradient_epsilon is equal to .000001, otherwise the default value is .0001. If lambda_search is set to True, the conditional values above are 1E-8 and 1E-6 respectively.","required":false,"type":"double","default_value":-1.0,"actual_value":1.0E-4,"input_value":-1.0,"level":"expert","values":[],"is_member_of_frames":[],"is_mutually_exclusive_with":[],"gridable":false},{"__meta":{"schema_version":3,"schema_name":"ModelParameterSchemaV3","schema_type":"Iced"},"name":"link","label":"link","help":"Link function.","required":false,"type":"enum","default_value":"family_default","actual_value":"identity","input_value":"family_default","level":"secondary","values":["family_default","identity","logit","log","inverse","tweedie","ologit"],"is_member_of_frames":[],"is_mutually_exclusive_with":[],"gridable":false},{"__meta":{"schema_version":3,"schema_name":"ModelParameterSchemaV3","schema_type":"Iced"},"name":"rand_link","label":"rand_link","help":"Link function array for random component in HGLM.","required":false,"type":"enum[]","default_value":null,"actual_value":null,"input_value":null,"level":"secondary","values":["[identity]","[family_default]"],"is_member_of_frames":[],"is_mutually_exclusive_with":[],"gridable":true},{"__meta":{"schema_version":3,"schema_name":"ModelParameterSchemaV3","schema_type":"Iced"},"name":"startval","label":"startval","help":"double array to initialize fixed and random coefficients for HGLM, coefficients for GLM.","required":false,"type":"double[]","default_value":null,"actual_value":null,"input_value":null,"level":"critical","values":[],"is_member_of_frames":[],"is_mutually_exclusive_with":[],"gridable":true},{"__meta":{"schema_version":3,"schema_name":"ModelParameterSchemaV3","schema_type":"Iced"},"name":"calc_like","label":"calc_like","help":"if true, will return likelihood function value for HGLM.","required":false,"type":"boolean","default_value":false,"actual_value":false,"input_value":false,"level":"critical","values":[],"is_member_of_frames":[],"is_mutually_exclusive_with":[],"gridable":false},{"__meta":{"schema_version":3,"schema_name":"ModelParameterSchemaV3","schema_type":"Iced"},"name":"HGLM","label":"HGLM","help":"If set to true, will return HGLM model.  Otherwise, normal GLM model will be returned","required":false,"type":"boolean","default_value":false,"actual_value":false,"input_value":false,"level":"critical","values":[],"is_member_of_frames":[],"is_mutually_exclusive_with":[],"gridable":false},{"__meta":{"schema_version":3,"schema_name":"ModelParameterSchemaV3","schema_type":"Iced"},"name":"prior","label":"prior","help":"Prior probability for y==1. To be used only for logistic regression iff the data has been sampled and the mean of response does not reflect reality.","required":false,"type":"double","default_value":-1.0,"actual_value":-1.0,"input_value":-1.0,"level":"expert","values":[],"is_member_of_frames":[],"is_mutually_exclusive_with":[],"gridable":false},{"__meta":{"schema_version":3,"schema_name":"ModelParameterSchemaV3","schema_type":"Iced"},"name":"cold_start","label":"cold_start","help":"Only applicable to multiple alpha/lambda values.  If false, build the next model for next set of alpha/lambda values starting from the values provided by current model.  If true will start GLM model from scratch.","required":false,"type":"boolean","default_value":false,"actual_value":false,"input_value":false,"level":"critical","values":[],"is_member_of_frames":[],"is_mutually_exclusive_with":[],"gridable":false},{"__meta":{"schema_version":3,"schema_name":"ModelParameterSchemaV3","schema_type":"Iced"},"name":"lambda_min_ratio","label":"lambda_min_ratio","help":"Minimum lambda used in lambda search, specified as a ratio of lambda_max (the smallest lambda that drives all coefficients to zero). Default indicates: if the number of observations is greater than the number of variables, then lambda_min_ratio is set to 0.0001; if the number of observations is less than the number of variables, then lambda_min_ratio is set to 0.01.","required":false,"type":"double","default_value":-1.0,"actual_value":1.0E-4,"input_value":-1.0,"level":"expert","values":[],"is_member_of_frames":[],"is_mutually_exclusive_with":[],"gridable":false},{"__meta":{"schema_version":3,"schema_name":"ModelParameterSchemaV3","schema_type":"Iced"},"name":"beta_constraints","label":"beta_constraints","help":"Beta constraints","required":false,"type":"Key<Frame>","default_value":null,"actual_value":null,"input_value":null,"level":"critical","values":[],"is_member_of_frames":[],"is_mutually_exclusive_with":[],"gridable":false},{"__meta":{"schema_version":3,"schema_name":"ModelParameterSchemaV3","schema_type":"Iced"},"name":"max_active_predictors","label":"max_active_predictors","help":"Maximum number of active predictors during computation. Use as a stopping criterion to prevent expensive model building with many predictors. Default indicates: If the IRLSM solver is used, the value of max_active_predictors is set to 5000 otherwise it is set to 100000000.","required":false,"type":"int","default_value":-1,"actual_value":5000,"input_value":-1,"level":"expert","values":[],"is_member_of_frames":[],"is_mutually_exclusive_with":[],"gridable":false},{"__meta":{"schema_version":3,"schema_name":"ModelParameterSchemaV3","schema_type":"Iced"},"name":"interactions","label":"interactions","help":"A list of predictor column indices to interact. All pairwise combinations will be computed for the list.","required":false,"type":"string[]","default_value":null,"actual_value":null,"input_value":null,"level":"expert","values":[],"is_member_of_frames":[],"is_mutually_exclusive_with":[],"gridable":false},{"__meta":{"schema_version":3,"schema_name":"ModelParameterSchemaV3","schema_type":"Iced"},"name":"interaction_pairs","label":"interaction_pairs","help":"A list of pairwise (first order) column interactions.","required":false,"type":"StringPair[]","default_value":null,"actual_value":null,"input_value":null,"level":"expert","values":[],"is_member_of_frames":[],"is_mutually_exclusive_with":[],"gridable":false},{"__meta":{"schema_version":3,"schema_name":"ModelParameterSchemaV3","schema_type":"Iced"},"name":"obj_reg","label":"obj_reg","help":"Likelihood divider in objective value computation, default is 1/nobs","required":false,"type":"double","default_value":-1.0,"actual_value":1.138122553036511E-5,"input_value":-1.0,"level":"critical","values":[],"is_member_of_frames":[],"is_mutually_exclusive_with":[],"gridable":false},{"__meta":{"schema_version":3,"schema_name":"ModelParameterSchemaV3","schema_type":"Iced"},"name":"stopping_rounds","label":"stopping_rounds","help":"Early stopping based on convergence of stopping_metric. Stop if simple moving average of length k of the stopping_metric does not improve for k:=stopping_rounds scoring events (0 to disable)","required":false,"type":"int","default_value":0,"actual_value":0,"input_value":0,"level":"secondary","values":[],"is_member_of_frames":[],"is_mutually_exclusive_with":[],"gridable":true},{"__meta":{"schema_version":3,"schema_name":"ModelParameterSchemaV3","schema_type":"Iced"},"name":"stopping_metric","label":"stopping_metric","help":"Metric to use for early stopping (AUTO: logloss for classification, deviance for regression and anonomaly_score for Isolation Forest). Note that custom and custom_increasing can only be used in GBM and DRF with the Python client.","required":false,"type":"enum","default_value":"AUTO","actual_value":"AUTO","input_value":"AUTO","level":"secondary","values":["AUTO","deviance","logloss","MSE","RMSE","MAE","RMSLE","AUC","AUCPR","lift_top_group","misclassification","mean_per_class_error","anomaly_score","custom","custom_increasing"],"is_member_of_frames":[],"is_mutually_exclusive_with":[],"gridable":true},{"__meta":{"schema_version":3,"schema_name":"ModelParameterSchemaV3","schema_type":"Iced"},"name":"stopping_tolerance","label":"stopping_tolerance","help":"Relative tolerance for metric-based stopping criterion (stop if relative improvement is not at least this much)","required":false,"type":"double","default_value":0.001,"actual_value":0.001,"input_value":0.001,"level":"secondary","values":[],"is_member_of_frames":[],"is_mutually_exclusive_with":[],"gridable":true},{"__meta":{"schema_version":3,"schema_name":"ModelParameterSchemaV3","schema_type":"Iced"},"name":"balance_classes","label":"balance_classes","help":"Balance training data class counts via over/under-sampling (for imbalanced data).","required":false,"type":"boolean","default_value":false,"actual_value":false,"input_value":false,"level":"secondary","values":[],"is_member_of_frames":[],"is_mutually_exclusive_with":[],"gridable":false},{"__meta":{"schema_version":3,"schema_name":"ModelParameterSchemaV3","schema_type":"Iced"},"name":"class_sampling_factors","label":"class_sampling_factors","help":"Desired over/under-sampling ratios per class (in lexicographic order). If not specified, sampling factors will be automatically computed to obtain class balance during training. Requires balance_classes.","required":false,"type":"float[]","default_value":null,"actual_value":null,"input_value":null,"level":"expert","values":[],"is_member_of_frames":[],"is_mutually_exclusive_with":[],"gridable":false},{"__meta":{"schema_version":3,"schema_name":"ModelParameterSchemaV3","schema_type":"Iced"},"name":"max_after_balance_size","label":"max_after_balance_size","help":"Maximum relative size of the training data after balancing class counts (can be less than 1.0). Requires balance_classes.","required":false,"type":"float","default_value":5.0,"actual_value":5.0,"input_value":5.0,"level":"expert","values":[],"is_member_of_frames":[],"is_mutually_exclusive_with":[],"gridable":false},{"__meta":{"schema_version":3,"schema_name":"ModelParameterSchemaV3","schema_type":"Iced"},"name":"max_confusion_matrix_size","label":"max_confusion_matrix_size","help":"[Deprecated] Maximum size (# classes) for confusion matrices to be printed in the Logs","required":false,"type":"int","default_value":20,"actual_value":20,"input_value":20,"level":"secondary","values":[],"is_member_of_frames":[],"is_mutually_exclusive_with":[],"gridable":false},{"__meta":{"schema_version":3,"schema_name":"ModelParameterSchemaV3","schema_type":"Iced"},"name":"max_runtime_secs","label":"max_runtime_secs","help":"Maximum allowed runtime in seconds for model training. Use 0 to disable.","required":false,"type":"double","default_value":0.0,"actual_value":0.0,"input_value":0.0,"level":"secondary","values":[],"is_member_of_frames":[],"is_mutually_exclusive_with":[],"gridable":true},{"__meta":{"schema_version":3,"schema_name":"ModelParameterSchemaV3","schema_type":"Iced"},"name":"custom_metric_func","label":"custom_metric_func","help":"Reference to custom evaluation function, format: `language:keyName=funcName`","required":false,"type":"string","default_value":null,"actual_value":null,"input_value":null,"level":"secondary","values":[],"is_member_of_frames":[],"is_mutually_exclusive_with":[],"gridable":false},{"__meta":{"schema_version":3,"schema_name":"ModelParameterSchemaV3","schema_type":"Iced"},"name":"generate_scoring_history","label":"generate_scoring_history","help":"If set to true, will generate scoring history for GLM.  This may significantly slow down the algo.","required":false,"type":"boolean","default_value":false,"actual_value":true,"input_value":false,"level":"secondary","values":[],"is_member_of_frames":[],"is_mutually_exclusive_with":[],"gridable":false},{"__meta":{"schema_version":3,"schema_name":"ModelParameterSchemaV3","schema_type":"Iced"},"name":"auc_type","label":"auc_type","help":"Set default multinomial AUC type.","required":false,"type":"enum","default_value":"AUTO","actual_value":"AUTO","input_value":"AUTO","level":"secondary","values":["AUTO","NONE","MACRO_OVR","WEIGHTED_OVR","MACRO_OVO","WEIGHTED_OVO"],"is_member_of_frames":[],"is_mutually_exclusive_with":[],"gridable":true}],"output":{"__meta":{"schema_version":3,"schema_name":"GLMModelOutputV3","schema_type":"GLMOutput"},"names":["GBM_1_AutoML_1_20211112_192015","GLM_1_AutoML_1_20211112_192015","Sales"],"original_names":null,"column_types":["Numeric","Numeric","Numeric"],"domains":[null,null,null],"cross_validation_models":null,"cross_validation_predictions":null,"cross_validation_holdout_predictions_frame_id":null,"cross_validation_fold_assignment_frame_id":null,"model_category":"Regression","model_summary":{"__meta":{"schema_version":3,"schema_name":"TwoDimTableV3","schema_type":"TwoDimTable"},"name":"GLM Model","description":"summary","columns":[{"__meta":{"schema_version":-1,"schema_name":"ColumnSpecsBase","schema_type":"Iced"},"name":"","type":"string","format":"%s","description":""},{"__meta":{"schema_version":-1,"schema_name":"ColumnSpecsBase","schema_type":"Iced"},"name":"family","type":"string","format":"%s","description":"Family"},{"__meta":{"schema_version":-1,"schema_name":"ColumnSpecsBase","schema_type":"Iced"},"name":"link","type":"string","format":"%s","description":"Link"},{"__meta":{"schema_version":-1,"schema_name":"ColumnSpecsBase","schema_type":"Iced"},"name":"regularization","type":"string","format":"%s","description":"Regularization"},{"__meta":{"schema_version":-1,"schema_name":"ColumnSpecsBase","schema_type":"Iced"},"name":"number_of_predictors_total","type":"int","format":"%d","description":"Number of Predictors Total"},{"__meta":{"schema_version":-1,"schema_name":"ColumnSpecsBase","schema_type":"Iced"},"name":"number_of_active_predictors","type":"int","format":"%d","description":"Number of Active Predictors"},{"__meta":{"schema_version":-1,"schema_name":"ColumnSpecsBase","schema_type":"Iced"},"name":"number_of_iterations","type":"int","format":"%d","description":"Number of Iterations"},{"__meta":{"schema_version":-1,"schema_name":"ColumnSpecsBase","schema_type":"Iced"},"name":"training_frame","type":"string","format":"%s","description":"Training Frame"}],"rowcount":1,"data":[[""],["gaussian"],["identity"],["Elastic Net (alpha = 0.5, lambda = 79.261 )"],[2],["1"],[1],["levelone_training_StackedEnsemble_BestOfFamily_1_AutoML_1_20211112_192015"]]},"scoring_history":{"__meta":{"schema_version":3,"schema_name":"TwoDimTableV3","schema_type":"TwoDimTable"},"name":"Scoring History","description":"","columns":[{"__meta":{"schema_version":-1,"schema_name":"ColumnSpecsBase","schema_type":"Iced"},"name":"","type":"string","format":"%s","description":""},{"__meta":{"schema_version":-1,"schema_name":"ColumnSpecsBase","schema_type":"Iced"},"name":"timestamp","type":"string","format":"%s","description":"timestamp"},{"__meta":{"schema_version":-1,"schema_name":"ColumnSpecsBase","schema_type":"Iced"},"name":"duration","type":"string","format":"%s","description":"duration"},{"__meta":{"schema_version":-1,"schema_name":"ColumnSpecsBase","schema_type":"Iced"},"name":"iterations","type":"int","format":"%d","description":"iterations"},{"__meta":{"schema_version":-1,"schema_name":"ColumnSpecsBase","schema_type":"Iced"},"name":"negative_log_likelihood","type":"double","format":"%.5f","description":"negative_log_likelihood"},{"__meta":{"schema_version":-1,"schema_name":"ColumnSpecsBase","schema_type":"Iced"},"name":"objective","type":"double","format":"%.5f","description":"objective"},{"__meta":{"schema_version":-1,"schema_name":"ColumnSpecsBase","schema_type":"Iced"},"name":"alpha","type":"double","format":"%.5f","description":"alpha"},{"__meta":{"schema_version":-1,"schema_name":"ColumnSpecsBase","schema_type":"Iced"},"name":"lambda","type":"double","format":"%.5f","description":"lambda"},{"__meta":{"schema_version":-1,"schema_name":"ColumnSpecsBase","schema_type":"Iced"},"name":"deviance_train","type":"double","format":"%.5f","description":"deviance_train"},{"__meta":{"schema_version":-1,"schema_name":"ColumnSpecsBase","schema_type":"Iced"},"name":"deviance_xval","type":"double","format":"%.5f","description":"deviance_xval"},{"__meta":{"schema_version":-1,"schema_name":"ColumnSpecsBase","schema_type":"Iced"},"name":"deviance_se","type":"double","format":"%.5f","description":"deviance_se"},{"__meta":{"schema_version":-1,"schema_name":"ColumnSpecsBase","schema_type":"Iced"},"name":"training_rmse","type":"double","format":"%.5f","description":"Training RMSE"},{"__meta":{"schema_version":-1,"schema_name":"ColumnSpecsBase","schema_type":"Iced"},"name":"training_deviance","type":"double","format":"%.5f","description":"Training Deviance"},{"__meta":{"schema_version":-1,"schema_name":"ColumnSpecsBase","schema_type":"Iced"},"name":"training_mae","type":"double","format":"%.5f","description":"Training MAE"},{"__meta":{"schema_version":-1,"schema_name":"ColumnSpecsBase","schema_type":"Iced"},"name":"training_r2","type":"double","format":"%.5f","description":"Training r2"}],"rowcount":1,"data":[[""],["2021-11-12 19:28:22"],[" 0.000 sec"],[1],[7.14543139527475E10],[813312.9250004167],[1.0],[79.26081530436555],[1626475.3244274673],[1626516.0021315543],[727479.4879181236],[1275.3334054934498],[1626475.29516752],[1000.7064834282463],[0.022736090079024995]]},"cv_scoring_history":[{"__meta":{"schema_version":3,"schema_name":"TwoDimTableV3","schema_type":"TwoDimTable"},"name":"Scoring History","description":"","columns":[{"__meta":{"schema_version":-1,"schema_name":"ColumnSpecsBase","schema_type":"Iced"},"name":"","type":"string","format":"%s","description":""},{"__meta":{"schema_version":-1,"schema_name":"ColumnSpecsBase","schema_type":"Iced"},"name":"timestamp","type":"string","format":"%s","description":"timestamp"},{"__meta":{"schema_version":-1,"schema_name":"ColumnSpecsBase","schema_type":"Iced"},"name":"duration","type":"string","format":"%s","description":"duration"},{"__meta":{"schema_version":-1,"schema_name":"ColumnSpecsBase","schema_type":"Iced"},"name":"iterations","type":"int","format":"%d","description":"iterations"},{"__meta":{"schema_version":-1,"schema_name":"ColumnSpecsBase","schema_type":"Iced"},"name":"negative_log_likelihood","type":"double","format":"%.5f","description":"negative_log_likelihood"},{"__meta":{"schema_version":-1,"schema_name":"ColumnSpecsBase","schema_type":"Iced"},"name":"objective","type":"double","format":"%.5f","description":"objective"},{"__meta":{"schema_version":-1,"schema_name":"ColumnSpecsBase","schema_type":"Iced"},"name":"alpha","type":"double","format":"%.5f","description":"alpha"},{"__meta":{"schema_version":-1,"schema_name":"ColumnSpecsBase","schema_type":"Iced"},"name":"lambda","type":"double","format":"%.5f","description":"lambda"},{"__meta":{"schema_version":-1,"schema_name":"ColumnSpecsBase","schema_type":"Iced"},"name":"deviance_train","type":"double","format":"%.5f","description":"deviance_train"},{"__meta":{"schema_version":-1,"schema_name":"ColumnSpecsBase","schema_type":"Iced"},"name":"deviance_test","type":"double","format":"%.5f","description":"deviance_test"},{"__meta":{"schema_version":-1,"schema_name":"ColumnSpecsBase","schema_type":"Iced"},"name":"training_rmse","type":"double","format":"%.5f","description":"Training RMSE"},{"__meta":{"schema_version":-1,"schema_name":"ColumnSpecsBase","schema_type":"Iced"},"name":"training_deviance","type":"double","format":"%.5f","description":"Training Deviance"},{"__meta":{"schema_version":-1,"schema_name":"ColumnSpecsBase","schema_type":"Iced"},"name":"training_mae","type":"double","format":"%.5f","description":"Training MAE"},{"__meta":{"schema_version":-1,"schema_name":"ColumnSpecsBase","schema_type":"Iced"},"name":"training_r2","type":"double","format":"%.5f","description":"Training r2"},{"__meta":{"schema_version":-1,"schema_name":"ColumnSpecsBase","schema_type":"Iced"},"name":"validation_rmse","type":"double","format":"%.5f","description":"Validation RMSE"},{"__meta":{"schema_version":-1,"schema_name":"ColumnSpecsBase","schema_type":"Iced"},"name":"validation_deviance","type":"double","format":"%.5f","description":"Validation Deviance"},{"__meta":{"schema_version":-1,"schema_name":"ColumnSpecsBase","schema_type":"Iced"},"name":"validation_mae","type":"double","format":"%.5f","description":"Validation MAE"},{"__meta":{"schema_version":-1,"schema_name":"ColumnSpecsBase","schema_type":"Iced"},"name":"validation_r2","type":"double","format":"%.5f","description":"Validation r2"}],"rowcount":1,"data":[[""],["2021-11-12 19:28:21"],[" 0.000 sec"],[1],[5.736822062374826E10],[652995.5584110831],[1.0],[79.26081530436555],[1632538.5416755101],[1602267.2949090851],[1277.7083002390627],[1632538.5004997947],[1001.9867830480073],[0.022588590372117245],[1265.8069737954065],[1602267.2949090851],[997.1397351815026],[0.023314208332030018]]},{"__meta":{"schema_version":3,"schema_name":"TwoDimTableV3","schema_type":"TwoDimTable"},"name":"Scoring History","description":"","columns":[{"__meta":{"schema_version":-1,"schema_name":"ColumnSpecsBase","schema_type":"Iced"},"name":"","type":"string","format":"%s","description":""},{"__meta":{"schema_version":-1,"schema_name":"ColumnSpecsBase","schema_type":"Iced"},"name":"timestamp","type":"string","format":"%s","description":"timestamp"},{"__meta":{"schema_version":-1,"schema_name":"ColumnSpecsBase","schema_type":"Iced"},"name":"duration","type":"string","format":"%s","description":"duration"},{"__meta":{"schema_version":-1,"schema_name":"ColumnSpecsBase","schema_type":"Iced"},"name":"iterations","type":"int","format":"%d","description":"iterations"},{"__meta":{"schema_version":-1,"schema_name":"ColumnSpecsBase","schema_type":"Iced"},"name":"negative_log_likelihood","type":"double","format":"%.5f","description":"negative_log_likelihood"},{"__meta":{"schema_version":-1,"schema_name":"ColumnSpecsBase","schema_type":"Iced"},"name":"objective","type":"double","format":"%.5f","description":"objective"},{"__meta":{"schema_version":-1,"schema_name":"ColumnSpecsBase","schema_type":"Iced"},"name":"alpha","type":"double","format":"%.5f","description":"alpha"},{"__meta":{"schema_version":-1,"schema_name":"ColumnSpecsBase","schema_type":"Iced"},"name":"lambda","type":"double","format":"%.5f","description":"lambda"},{"__meta":{"schema_version":-1,"schema_name":"ColumnSpecsBase","schema_type":"Iced"},"name":"deviance_train","type":"double","format":"%.5f","description":"deviance_train"},{"__meta":{"schema_version":-1,"schema_name":"ColumnSpecsBase","schema_type":"Iced"},"name":"deviance_test","type":"double","format":"%.5f","description":"deviance_test"},{"__meta":{"schema_version":-1,"schema_name":"ColumnSpecsBase","schema_type":"Iced"},"name":"training_rmse","type":"double","format":"%.5f","description":"Training RMSE"},{"__meta":{"schema_version":-1,"schema_name":"ColumnSpecsBase","schema_type":"Iced"},"name":"training_deviance","type":"double","format":"%.5f","description":"Training Deviance"},{"__meta":{"schema_version":-1,"schema_name":"ColumnSpecsBase","schema_type":"Iced"},"name":"training_mae","type":"double","format":"%.5f","description":"Training MAE"},{"__meta":{"schema_version":-1,"schema_name":"ColumnSpecsBase","schema_type":"Iced"},"name":"training_r2","type":"double","format":"%.5f","description":"Training r2"},{"__meta":{"schema_version":-1,"schema_name":"ColumnSpecsBase","schema_type":"Iced"},"name":"validation_rmse","type":"double","format":"%.5f","description":"Validation RMSE"},{"__meta":{"schema_version":-1,"schema_name":"ColumnSpecsBase","schema_type":"Iced"},"name":"validation_deviance","type":"double","format":"%.5f","description":"Validation Deviance"},{"__meta":{"schema_version":-1,"schema_name":"ColumnSpecsBase","schema_type":"Iced"},"name":"validation_mae","type":"double","format":"%.5f","description":"Validation MAE"},{"__meta":{"schema_version":-1,"schema_name":"ColumnSpecsBase","schema_type":"Iced"},"name":"validation_r2","type":"double","format":"%.5f","description":"Validation r2"}],"rowcount":1,"data":[[""],["2021-11-12 19:28:21"],[" 0.000 sec"],[1],[5.731866975544658E10],[652432.5810555369],[1.0],[79.26081530436555],[1631639.2136365897],[1605865.3036890202],[1277.3563241247396],[1631639.1787814666],[1002.2279936629739],[0.023048570184416195],[1267.2274080404907],[1605865.3036890202],[995.3058834615963],[0.021457918187420932]]},{"__meta":{"schema_version":3,"schema_name":"TwoDimTableV3","schema_type":"TwoDimTable"},"name":"Scoring History","description":"","columns":[{"__meta":{"schema_version":-1,"schema_name":"ColumnSpecsBase","schema_type":"Iced"},"name":"","type":"string","format":"%s","description":""},{"__meta":{"schema_version":-1,"schema_name":"ColumnSpecsBase","schema_type":"Iced"},"name":"timestamp","type":"string","format":"%s","description":"timestamp"},{"__meta":{"schema_version":-1,"schema_name":"ColumnSpecsBase","schema_type":"Iced"},"name":"duration","type":"string","format":"%s","description":"duration"},{"__meta":{"schema_version":-1,"schema_name":"ColumnSpecsBase","schema_type":"Iced"},"name":"iterations","type":"int","format":"%d","description":"iterations"},{"__meta":{"schema_version":-1,"schema_name":"ColumnSpecsBase","schema_type":"Iced"},"name":"negative_log_likelihood","type":"double","format":"%.5f","description":"negative_log_likelihood"},{"__meta":{"schema_version":-1,"schema_name":"ColumnSpecsBase","schema_type":"Iced"},"name":"objective","type":"double","format":"%.5f","description":"objective"},{"__meta":{"schema_version":-1,"schema_name":"ColumnSpecsBase","schema_type":"Iced"},"name":"alpha","type":"double","format":"%.5f","description":"alpha"},{"__meta":{"schema_version":-1,"schema_name":"ColumnSpecsBase","schema_type":"Iced"},"name":"lambda","type":"double","format":"%.5f","description":"lambda"},{"__meta":{"schema_version":-1,"schema_name":"ColumnSpecsBase","schema_type":"Iced"},"name":"deviance_train","type":"double","format":"%.5f","description":"deviance_train"},{"__meta":{"schema_version":-1,"schema_name":"ColumnSpecsBase","schema_type":"Iced"},"name":"deviance_test","type":"double","format":"%.5f","description":"deviance_test"},{"__meta":{"schema_version":-1,"schema_name":"ColumnSpecsBase","schema_type":"Iced"},"name":"training_rmse","type":"double","format":"%.5f","description":"Training RMSE"},{"__meta":{"schema_version":-1,"schema_name":"ColumnSpecsBase","schema_type":"Iced"},"name":"training_deviance","type":"double","format":"%.5f","description":"Training Deviance"},{"__meta":{"schema_version":-1,"schema_name":"ColumnSpecsBase","schema_type":"Iced"},"name":"training_mae","type":"double","format":"%.5f","description":"Training MAE"},{"__meta":{"schema_version":-1,"schema_name":"ColumnSpecsBase","schema_type":"Iced"},"name":"training_r2","type":"double","format":"%.5f","description":"Training r2"},{"__meta":{"schema_version":-1,"schema_name":"ColumnSpecsBase","schema_type":"Iced"},"name":"validation_rmse","type":"double","format":"%.5f","description":"Validation RMSE"},{"__meta":{"schema_version":-1,"schema_name":"ColumnSpecsBase","schema_type":"Iced"},"name":"validation_deviance","type":"double","format":"%.5f","description":"Validation Deviance"},{"__meta":{"schema_version":-1,"schema_name":"ColumnSpecsBase","schema_type":"Iced"},"name":"validation_mae","type":"double","format":"%.5f","description":"Validation MAE"},{"__meta":{"schema_version":-1,"schema_name":"ColumnSpecsBase","schema_type":"Iced"},"name":"validation_r2","type":"double","format":"%.5f","description":"Validation r2"}],"rowcount":1,"data":[[""],["2021-11-12 19:28:21"],[" 0.000 sec"],[1],[5.67956125487457E10],[646478.310746506],[1.0],[79.26081530436555],[1618685.0744209676],[1657429.2944662448],[1272.2755323534689],[1618685.0302253026],[998.8817608344841],[0.022432104439702005],[1287.411858911609],[1657429.2944662448],[1006.14923828764],[0.02386190029286983]]},{"__meta":{"schema_version":3,"schema_name":"TwoDimTableV3","schema_type":"TwoDimTable"},"name":"Scoring History","description":"","columns":[{"__meta":{"schema_version":-1,"schema_name":"ColumnSpecsBase","schema_type":"Iced"},"name":"","type":"string","format":"%s","description":""},{"__meta":{"schema_version":-1,"schema_name":"ColumnSpecsBase","schema_type":"Iced"},"name":"timestamp","type":"string","format":"%s","description":"timestamp"},{"__meta":{"schema_version":-1,"schema_name":"ColumnSpecsBase","schema_type":"Iced"},"name":"duration","type":"string","format":"%s","description":"duration"},{"__meta":{"schema_version":-1,"schema_name":"ColumnSpecsBase","schema_type":"Iced"},"name":"iterations","type":"int","format":"%d","description":"iterations"},{"__meta":{"schema_version":-1,"schema_name":"ColumnSpecsBase","schema_type":"Iced"},"name":"negative_log_likelihood","type":"double","format":"%.5f","description":"negative_log_likelihood"},{"__meta":{"schema_version":-1,"schema_name":"ColumnSpecsBase","schema_type":"Iced"},"name":"objective","type":"double","format":"%.5f","description":"objective"},{"__meta":{"schema_version":-1,"schema_name":"ColumnSpecsBase","schema_type":"Iced"},"name":"alpha","type":"double","format":"%.5f","description":"alpha"},{"__meta":{"schema_version":-1,"schema_name":"ColumnSpecsBase","schema_type":"Iced"},"name":"lambda","type":"double","format":"%.5f","description":"lambda"},{"__meta":{"schema_version":-1,"schema_name":"ColumnSpecsBase","schema_type":"Iced"},"name":"deviance_train","type":"double","format":"%.5f","description":"deviance_train"},{"__meta":{"schema_version":-1,"schema_name":"ColumnSpecsBase","schema_type":"Iced"},"name":"deviance_test","type":"double","format":"%.5f","description":"deviance_test"},{"__meta":{"schema_version":-1,"schema_name":"ColumnSpecsBase","schema_type":"Iced"},"name":"training_rmse","type":"double","format":"%.5f","description":"Training RMSE"},{"__meta":{"schema_version":-1,"schema_name":"ColumnSpecsBase","schema_type":"Iced"},"name":"training_deviance","type":"double","format":"%.5f","description":"Training Deviance"},{"__meta":{"schema_version":-1,"schema_name":"ColumnSpecsBase","schema_type":"Iced"},"name":"training_mae","type":"double","format":"%.5f","description":"Training MAE"},{"__meta":{"schema_version":-1,"schema_name":"ColumnSpecsBase","schema_type":"Iced"},"name":"training_r2","type":"double","format":"%.5f","description":"Training r2"},{"__meta":{"schema_version":-1,"schema_name":"ColumnSpecsBase","schema_type":"Iced"},"name":"validation_rmse","type":"double","format":"%.5f","description":"Validation RMSE"},{"__meta":{"schema_version":-1,"schema_name":"ColumnSpecsBase","schema_type":"Iced"},"name":"validation_deviance","type":"double","format":"%.5f","description":"Validation Deviance"},{"__meta":{"schema_version":-1,"schema_name":"ColumnSpecsBase","schema_type":"Iced"},"name":"validation_mae","type":"double","format":"%.5f","description":"Validation MAE"},{"__meta":{"schema_version":-1,"schema_name":"ColumnSpecsBase","schema_type":"Iced"},"name":"validation_r2","type":"double","format":"%.5f","description":"Validation r2"}],"rowcount":1,"data":[[""],["2021-11-12 19:28:21"],[" 0.000 sec"],[1],[5.71207028949341E10],[650179.6061334609],[1.0],[79.26081530436555],[1622009.9640769565],[1644531.7081631476],[1273.5815365460624],[1622009.930231029],[999.5562147044673],[0.023231090696167134],[1282.3929616787311],[1644531.7081631476],[1003.5901988954172],[0.020716256460580396]]},{"__meta":{"schema_version":3,"schema_name":"TwoDimTableV3","schema_type":"TwoDimTable"},"name":"Scoring History","description":"","columns":[{"__meta":{"schema_version":-1,"schema_name":"ColumnSpecsBase","schema_type":"Iced"},"name":"","type":"string","format":"%s","description":""},{"__meta":{"schema_version":-1,"schema_name":"ColumnSpecsBase","schema_type":"Iced"},"name":"timestamp","type":"string","format":"%s","description":"timestamp"},{"__meta":{"schema_version":-1,"schema_name":"ColumnSpecsBase","schema_type":"Iced"},"name":"duration","type":"string","format":"%s","description":"duration"},{"__meta":{"schema_version":-1,"schema_name":"ColumnSpecsBase","schema_type":"Iced"},"name":"iterations","type":"int","format":"%d","description":"iterations"},{"__meta":{"schema_version":-1,"schema_name":"ColumnSpecsBase","schema_type":"Iced"},"name":"negative_log_likelihood","type":"double","format":"%.5f","description":"negative_log_likelihood"},{"__meta":{"schema_version":-1,"schema_name":"ColumnSpecsBase","schema_type":"Iced"},"name":"objective","type":"double","format":"%.5f","description":"objective"},{"__meta":{"schema_version":-1,"schema_name":"ColumnSpecsBase","schema_type":"Iced"},"name":"alpha","type":"double","format":"%.5f","description":"alpha"},{"__meta":{"schema_version":-1,"schema_name":"ColumnSpecsBase","schema_type":"Iced"},"name":"lambda","type":"double","format":"%.5f","description":"lambda"},{"__meta":{"schema_version":-1,"schema_name":"ColumnSpecsBase","schema_type":"Iced"},"name":"deviance_train","type":"double","format":"%.5f","description":"deviance_train"},{"__meta":{"schema_version":-1,"schema_name":"ColumnSpecsBase","schema_type":"Iced"},"name":"deviance_test","type":"double","format":"%.5f","description":"deviance_test"},{"__meta":{"schema_version":-1,"schema_name":"ColumnSpecsBase","schema_type":"Iced"},"name":"training_rmse","type":"double","format":"%.5f","description":"Training RMSE"},{"__meta":{"schema_version":-1,"schema_name":"ColumnSpecsBase","schema_type":"Iced"},"name":"training_deviance","type":"double","format":"%.5f","description":"Training Deviance"},{"__meta":{"schema_version":-1,"schema_name":"ColumnSpecsBase","schema_type":"Iced"},"name":"training_mae","type":"double","format":"%.5f","description":"Training MAE"},{"__meta":{"schema_version":-1,"schema_name":"ColumnSpecsBase","schema_type":"Iced"},"name":"training_r2","type":"double","format":"%.5f","description":"Training r2"},{"__meta":{"schema_version":-1,"schema_name":"ColumnSpecsBase","schema_type":"Iced"},"name":"validation_rmse","type":"double","format":"%.5f","description":"Validation RMSE"},{"__meta":{"schema_version":-1,"schema_name":"ColumnSpecsBase","schema_type":"Iced"},"name":"validation_deviance","type":"double","format":"%.5f","description":"Validation Deviance"},{"__meta":{"schema_version":-1,"schema_name":"ColumnSpecsBase","schema_type":"Iced"},"name":"validation_mae","type":"double","format":"%.5f","description":"Validation MAE"},{"__meta":{"schema_version":-1,"schema_name":"ColumnSpecsBase","schema_type":"Iced"},"name":"validation_r2","type":"double","format":"%.5f","description":"Validation r2"}],"rowcount":1,"data":[[""],["2021-11-12 19:28:21"],[" 0.000 sec"],[1],[5.721324620845563E10],[651231.5733027186],[1.0],[79.26081530436555],[1627480.0156012923],[1622486.4094302736],[1275.7272328644206],[1627479.9726719114],[1000.8791219557023],[0.022386888375971803],[1273.768585509265],[1622486.4094302736],[1001.3895109086435],[0.0240906050944244]]}],"reproducibility_information_table":[{"__meta":{"schema_version":3,"schema_name":"TwoDimTableV3","schema_type":"TwoDimTable"},"name":"Node Information","description":"","columns":[{"__meta":{"schema_version":-1,"schema_name":"ColumnSpecsBase","schema_type":"Iced"},"name":"","type":"string","format":"%s","description":""},{"__meta":{"schema_version":-1,"schema_name":"ColumnSpecsBase","schema_type":"Iced"},"name":"node","type":"int","format":"%d","description":"node"},{"__meta":{"schema_version":-1,"schema_name":"ColumnSpecsBase","schema_type":"Iced"},"name":"h2o","type":"string","format":"%s","description":"h2o"},{"__meta":{"schema_version":-1,"schema_name":"ColumnSpecsBase","schema_type":"Iced"},"name":"healthy","type":"string","format":"%s","description":"healthy"},{"__meta":{"schema_version":-1,"schema_name":"ColumnSpecsBase","schema_type":"Iced"},"name":"last_ping","type":"string","format":"%s","description":"last_ping"},{"__meta":{"schema_version":-1,"schema_name":"ColumnSpecsBase","schema_type":"Iced"},"name":"num_cpus","type":"int","format":"%d","description":"num_cpus"},{"__meta":{"schema_version":-1,"schema_name":"ColumnSpecsBase","schema_type":"Iced"},"name":"sys_load","type":"double","format":"%.5f","description":"sys_load"},{"__meta":{"schema_version":-1,"schema_name":"ColumnSpecsBase","schema_type":"Iced"},"name":"mem_value_size","type":"long","format":"%d","description":"mem_value_size"},{"__meta":{"schema_version":-1,"schema_name":"ColumnSpecsBase","schema_type":"Iced"},"name":"free_mem","type":"long","format":"%d","description":"free_mem"},{"__meta":{"schema_version":-1,"schema_name":"ColumnSpecsBase","schema_type":"Iced"},"name":"pojo_mem","type":"long","format":"%d","description":"pojo_mem"},{"__meta":{"schema_version":-1,"schema_name":"ColumnSpecsBase","schema_type":"Iced"},"name":"swap_mem","type":"long","format":"%d","description":"swap_mem"},{"__meta":{"schema_version":-1,"schema_name":"ColumnSpecsBase","schema_type":"Iced"},"name":"free_disc","type":"long","format":"%d","description":"free_disc"},{"__meta":{"schema_version":-1,"schema_name":"ColumnSpecsBase","schema_type":"Iced"},"name":"max_disc","type":"long","format":"%d","description":"max_disc"},{"__meta":{"schema_version":-1,"schema_name":"ColumnSpecsBase","schema_type":"Iced"},"name":"pid","type":"int","format":"%d","description":"pid"},{"__meta":{"schema_version":-1,"schema_name":"ColumnSpecsBase","schema_type":"Iced"},"name":"num_keys","type":"int","format":"%d","description":"num_keys"},{"__meta":{"schema_version":-1,"schema_name":"ColumnSpecsBase","schema_type":"Iced"},"name":"tcps_active","type":"string","format":"%s","description":"tcps_active"},{"__meta":{"schema_version":-1,"schema_name":"ColumnSpecsBase","schema_type":"Iced"},"name":"open_fds","type":"int","format":"%d","description":"open_fds"},{"__meta":{"schema_version":-1,"schema_name":"ColumnSpecsBase","schema_type":"Iced"},"name":"rpcs_active","type":"string","format":"%s","description":"rpcs_active"},{"__meta":{"schema_version":-1,"schema_name":"ColumnSpecsBase","schema_type":"Iced"},"name":"nthreads","type":"int","format":"%d","description":"nthreads"},{"__meta":{"schema_version":-1,"schema_name":"ColumnSpecsBase","schema_type":"Iced"},"name":"is_leader","type":"string","format":"%s","description":"is_leader"},{"__meta":{"schema_version":-1,"schema_name":"ColumnSpecsBase","schema_type":"Iced"},"name":"total_mem","type":"long","format":"%d","description":"total_mem"},{"__meta":{"schema_version":-1,"schema_name":"ColumnSpecsBase","schema_type":"Iced"},"name":"max_mem","type":"long","format":"%d","description":"max_mem"},{"__meta":{"schema_version":-1,"schema_name":"ColumnSpecsBase","schema_type":"Iced"},"name":"java_version","type":"string","format":"%s","description":"java_version"},{"__meta":{"schema_version":-1,"schema_name":"ColumnSpecsBase","schema_type":"Iced"},"name":"jvm_launch_parameters","type":"string","format":"%s","description":"jvm_launch_parameters"},{"__meta":{"schema_version":-1,"schema_name":"ColumnSpecsBase","schema_type":"Iced"},"name":"os_version","type":"string","format":"%s","description":"os_version"},{"__meta":{"schema_version":-1,"schema_name":"ColumnSpecsBase","schema_type":"Iced"},"name":"machine_physical_mem","type":"long","format":"%d","description":"machine_physical_mem"},{"__meta":{"schema_version":-1,"schema_name":"ColumnSpecsBase","schema_type":"Iced"},"name":"machine_locale","type":"string","format":"%s","description":"machine_locale"}],"rowcount":1,"data":[[""],[0],["127.0.0.1:54321"],["true"],["1636725500761"],[8],[1.0],[22882596],[11252003562],[178709490],[0],[48132784128],[254704353280],[18868],[110120],["\u0000"],[-1],["\u0000"],[8],["true"],[3654811648],[11453595648],["Java 1.8.0_291 (from Oracle Corporation)"],["[-ea, -Xmx12G]"],["Windows 10 10.0 (amd64)"],[14904889344],["en_US"]]},{"__meta":{"schema_version":3,"schema_name":"TwoDimTableV3","schema_type":"TwoDimTable"},"name":"Cluster Configuration","description":"","columns":[{"__meta":{"schema_version":-1,"schema_name":"ColumnSpecsBase","schema_type":"Iced"},"name":"","type":"string","format":"%s","description":""},{"__meta":{"schema_version":-1,"schema_name":"ColumnSpecsBase","schema_type":"Iced"},"name":"h2o_cluster_uptime","type":"long","format":"%d","description":"H2O cluster uptime"},{"__meta":{"schema_version":-1,"schema_name":"ColumnSpecsBase","schema_type":"Iced"},"name":"h2o_cluster_timezone","type":"string","format":"%s","description":"H2O cluster timezone"},{"__meta":{"schema_version":-1,"schema_name":"ColumnSpecsBase","schema_type":"Iced"},"name":"h2o_data_parsing_timezone","type":"string","format":"%s","description":"H2O data parsing timezone"},{"__meta":{"schema_version":-1,"schema_name":"ColumnSpecsBase","schema_type":"Iced"},"name":"h2o_cluster_version","type":"string","format":"%s","description":"H2O cluster version"},{"__meta":{"schema_version":-1,"schema_name":"ColumnSpecsBase","schema_type":"Iced"},"name":"h2o_cluster_version_age","type":"string","format":"%s","description":"H2O cluster version age"},{"__meta":{"schema_version":-1,"schema_name":"ColumnSpecsBase","schema_type":"Iced"},"name":"h2o_cluster_name","type":"string","format":"%s","description":"H2O cluster name"},{"__meta":{"schema_version":-1,"schema_name":"ColumnSpecsBase","schema_type":"Iced"},"name":"h2o_cluster_total_nodes","type":"int","format":"%d","description":"H2O cluster total nodes"},{"__meta":{"schema_version":-1,"schema_name":"ColumnSpecsBase","schema_type":"Iced"},"name":"h2o_cluster_free_memory","type":"long","format":"%d","description":"H2O cluster free memory"},{"__meta":{"schema_version":-1,"schema_name":"ColumnSpecsBase","schema_type":"Iced"},"name":"h2o_cluster_total_cores","type":"int","format":"%d","description":"H2O cluster total cores"},{"__meta":{"schema_version":-1,"schema_name":"ColumnSpecsBase","schema_type":"Iced"},"name":"h2o_cluster_allowed_cores","type":"int","format":"%d","description":"H2O cluster allowed cores"},{"__meta":{"schema_version":-1,"schema_name":"ColumnSpecsBase","schema_type":"Iced"},"name":"h2o_cluster_status","type":"string","format":"%s","description":"H2O cluster status"},{"__meta":{"schema_version":-1,"schema_name":"ColumnSpecsBase","schema_type":"Iced"},"name":"h2o_internal_security","type":"string","format":"%s","description":"H2O internal security"},{"__meta":{"schema_version":-1,"schema_name":"ColumnSpecsBase","schema_type":"Iced"},"name":"h2o_api_extensions","type":"string","format":"%s","description":"H2O API Extensions"}],"rowcount":1,"data":[[""],[678943],["Asia/Kolkata"],["UTC"],["3.34.0.3"],["1 month and 5 days"],["H2O_from_python_SESA475934_oljr6y"],[1],[11252003562],[8],[8],["locked, healthly"],["false"],["Amazon S3, Algos, AutoML, Core V3, TargetEncoder, Core V4"]]},{"__meta":{"schema_version":3,"schema_name":"TwoDimTableV3","schema_type":"TwoDimTable"},"name":"Input Frames Information","description":"","columns":[{"__meta":{"schema_version":-1,"schema_name":"ColumnSpecsBase","schema_type":"Iced"},"name":"","type":"string","format":"%s","description":""},{"__meta":{"schema_version":-1,"schema_name":"ColumnSpecsBase","schema_type":"Iced"},"name":"input_frame","type":"string","format":"%s","description":"Input Frame"},{"__meta":{"schema_version":-1,"schema_name":"ColumnSpecsBase","schema_type":"Iced"},"name":"checksum","type":"long","format":"%d","description":"Checksum"},{"__meta":{"schema_version":-1,"schema_name":"ColumnSpecsBase","schema_type":"Iced"},"name":"espc","type":"string","format":"%d","description":"ESPC"}],"rowcount":2,"data":[["",""],["training_frame","validation_frame"],[-731993022134079564,-1],["[0, 1121, 2245, 3369, 4493, 5618, 6742, 7867, 8991, 10115, 11240, 12364, 13488, 14613, 15737, 16862, 17986, 19110, 20235, 21359, 22484, 23608, 24732, 25857, 26981, 28105, 29230, 30354, 31478, 32602, 33726, 34850, 35975, 37100, 38224, 39348, 40472, 41596, 42721, 43845, 44970, 46094, 47218, 48342, 49467, 50591, 51715, 52839, 53964, 55088, 56212, 57337, 58461, 59586, 60710, 61834, 62959, 64083, 65207, 66331, 67456, 68580, 69704, 70828, 71952, 73077, 74201, 75325, 76450, 77574, 78698, 79823, 80947, 82072, 83196, 84320, 85445, 86569, 87693, 87864]","-1"]]}],"training_metrics":{"__meta":{"schema_version":3,"schema_name":"ModelMetricsRegressionGLMV3","schema_type":"ModelMetricsRegressionGLM"},"model":{"__meta":{"schema_version":3,"schema_name":"ModelKeyV3","schema_type":"Key<Model>"},"name":"metalearner_AUTO_StackedEnsemble_BestOfFamily_1_AutoML_1_20211112_192015","type":"Key<Model>","URL":"/3/Models/metalearner_AUTO_StackedEnsemble_BestOfFamily_1_AutoML_1_20211112_192015"},"model_checksum":6744155198524251104,"frame":{"__meta":{"schema_version":3,"schema_name":"FrameKeyV3","schema_type":"Key<Frame>"},"name":"levelone_training_StackedEnsemble_BestOfFamily_1_AutoML_1_20211112_192015","type":"Key<Frame>","URL":"/3/Frames/levelone_training_StackedEnsemble_BestOfFamily_1_AutoML_1_20211112_192015"},"frame_checksum":-731993022134079564,"description":null,"model_category":"Regression","scoring_time":1636725502021,"predictions":null,"MSE":1626475.29516752,"RMSE":1275.3334054934498,"nobs":87864,"custom_metric_name":null,"custom_metric_value":0.0,"r2":0.022736090079024995,"mean_residual_deviance":1626475.29516752,"mae":1000.7064834282463,"rmsle":0.8516142933961597,"residual_deviance":1.4290862533459897E11,"null_deviance":1.4623340111490967E11,"AIC":1505977.642202088,"null_degrees_of_freedom":87863,"residual_degrees_of_freedom":87862},"validation_metrics":null,"cross_validation_metrics":{"__meta":{"schema_version":3,"schema_name":"ModelMetricsRegressionGLMV3","schema_type":"ModelMetricsRegressionGLM"},"model":{"__meta":{"schema_version":3,"schema_name":"ModelKeyV3","schema_type":"Key<Model>"},"name":"metalearner_AUTO_StackedEnsemble_BestOfFamily_1_AutoML_1_20211112_192015","type":"Key<Model>","URL":"/3/Models/metalearner_AUTO_StackedEnsemble_BestOfFamily_1_AutoML_1_20211112_192015"},"model_checksum":6744155198524251104,"frame":{"__meta":{"schema_version":3,"schema_name":"FrameKeyV3","schema_type":"Key<Frame>"},"name":"levelone_training_StackedEnsemble_BestOfFamily_1_AutoML_1_20211112_192015","type":"Key<Frame>","URL":"/3/Frames/levelone_training_StackedEnsemble_BestOfFamily_1_AutoML_1_20211112_192015"},"frame_checksum":-731993022134079564,"description":"5-fold cross-validation on training data (Metrics computed for combined holdout predictions)","model_category":"Regression","scoring_time":1636725502037,"predictions":null,"MSE":1626518.4485328859,"RMSE":1275.350323845525,"nobs":87864,"custom_metric_name":null,"custom_metric_value":0.0,"r2":0.022710161479497004,"mean_residual_deviance":1626518.4485328859,"mae":1000.7149586776608,"rmsle":0.851622067771365,"residual_deviance":1.429124169618935E11,"null_deviance":1.4623468951166205E11,"AIC":1505979.9733638384,"null_degrees_of_freedom":87863,"residual_degrees_of_freedom":87862},"cross_validation_metrics_summary":{"__meta":{"schema_version":3,"schema_name":"TwoDimTableV3","schema_type":"TwoDimTable"},"name":"Cross-Validation Metrics Summary","description":"","columns":[{"__meta":{"schema_version":-1,"schema_name":"ColumnSpecsBase","schema_type":"Iced"},"name":"","type":"string","format":"%s","description":""},{"__meta":{"schema_version":-1,"schema_name":"ColumnSpecsBase","schema_type":"Iced"},"name":"mean","type":"float","format":"%f","description":"mean"},{"__meta":{"schema_version":-1,"schema_name":"ColumnSpecsBase","schema_type":"Iced"},"name":"sd","type":"float","format":"%f","description":"sd"},{"__meta":{"schema_version":-1,"schema_name":"ColumnSpecsBase","schema_type":"Iced"},"name":"cv_1_valid","type":"float","format":"%f","description":"cv_1_valid"},{"__meta":{"schema_version":-1,"schema_name":"ColumnSpecsBase","schema_type":"Iced"},"name":"cv_2_valid","type":"float","format":"%f","description":"cv_2_valid"},{"__meta":{"schema_version":-1,"schema_name":"ColumnSpecsBase","schema_type":"Iced"},"name":"cv_3_valid","type":"float","format":"%f","description":"cv_3_valid"},{"__meta":{"schema_version":-1,"schema_name":"ColumnSpecsBase","schema_type":"Iced"},"name":"cv_4_valid","type":"float","format":"%f","description":"cv_4_valid"},{"__meta":{"schema_version":-1,"schema_name":"ColumnSpecsBase","schema_type":"Iced"},"name":"cv_5_valid","type":"float","format":"%f","description":"cv_5_valid"}],"rowcount":8,"data":[["mae","mean_residual_deviance","mse","null_deviance","r2","residual_deviance","rmse","rmsle"],[1000.7149,1626516.0,1626516.0,2.92469371E10,0.022688178,2.8582484E10,1275.3215,0.8516044],[4.4803386,24035.838,24035.838,4.7807744E8,0.0015114854,4.53695744E8,9.41587,0.006484948],[997.1397,1602267.2,1602267.2,2.88453734E10,0.023314208,2.81726648E10,1265.807,0.84678674],[995.3059,1605865.2,1605865.2,2.88915763E10,0.021457918,2.82712596E10,1267.2274,0.85820967],[1006.14923,1657429.2,1657429.2,3.00357857E10,0.0238619,2.93182669E10,1287.4119,0.84570205],[1003.5902,1644531.8,1644531.8,2.92751729E10,0.020716256,2.8667476E10,1282.393,0.8482731],[1001.3895,1622486.4,1622486.4,2.91867832E10,0.024090605,2.84827484E10,1273.7686,0.85905045]]},"status":null,"start_time":1636725501984,"end_time":1636725502034,"run_time":50,"default_threshold":0.5,"help":{"domains":"Domains for categorical columns", "__meta":"Metadata on this schema instance, to make it self-describing.", "standardized_coefficient_magnitudes":"Standardized Coefficient Magnitudes", "help":"Help information for output fields", "training_metrics":"Training data model metrics", "cross_validation_models":"Cross-validation models (model ids)", "cross_validation_predictions":"Cross-validation predictions, one per cv model (deprecated, use cross_validation_holdout_predictions_frame_id instead)", "lambda_best":"Lambda minimizing the objective value, only applicable with lambda search or when arrays of alpha and lambdas are provided", "cross_validation_metrics_summary":"Cross-validation model metrics summary", "status":"Job status", "reproducibility_information_table":"Model reproducibility information", "variable_importances":"Variable Importances", "model_summary":"Model summary", "end_time":"End time in milliseconds", "names":"Column names", "cross_validation_fold_assignment_frame_id":"Cross-validation fold assignment (each row is assigned to one holdout fold)", "lambda_1se":"Lambda best + 1 standard error. Only applicable with lambda search and cross-validation", "run_time":"Runtime in milliseconds", "lambda_max":"Starting lambda value used when lambda search is enabled.", "default_threshold":"Default threshold used for predictions", "scoring_history":"Scoring history", "dispersion":"Dispersion parameter, only applicable to Tweedie family (input/output) and fractional Binomial (output only)", "cross_validation_holdout_predictions_frame_id":"Cross-validation holdout predictions (full out-of-sample predictions on training data)", "alpha_best":"Alpha minimizing the objective value, only applicable when arrays of alphas are given ", "lambda_min":"Minimum lambda value calculated that may be used for lambda search.  Early-stop may happen and the minimum lambda value will not be used in this case.", "coefficients_table_multinomials_with_class_names":"Table of Coefficients with coefficients denoted with class names for GLM multinonimals only.", "model_category":"Category of the model (e.g., Binomial)", "random_coefficients_table":"Table of Random Coefficients for HGLM", "best_submodel_index":"submodel index minimizing the objective value, only applicable for arrays of alphas/lambda ", "column_types":"Column types", "original_names":"Original column names", "start_time":"Start time in milliseconds", "cv_scoring_history":"Cross-Validation scoring history", "cross_validation_metrics":"Cross-validation model metrics", "coefficients_table":"Table of Coefficients", "validation_metrics":"Validation data model metrics"},"coefficients_table":{"__meta":{"schema_version":3,"schema_name":"TwoDimTableV3","schema_type":"TwoDimTable"},"name":"Coefficients","description":"glm coefficients","columns":[{"__meta":{"schema_version":-1,"schema_name":"ColumnSpecsBase","schema_type":"Iced"},"name":"names","type":"string","format":"%s","description":"names"},{"__meta":{"schema_version":-1,"schema_name":"ColumnSpecsBase","schema_type":"Iced"},"name":"coefficients","type":"double","format":"%5f","description":"Coefficients"},{"__meta":{"schema_version":-1,"schema_name":"ColumnSpecsBase","schema_type":"Iced"},"name":"standardized_coefficients","type":"double","format":"%5f","description":"Standardized Coefficients"}],"rowcount":3,"data":[["Intercept","GBM_1_AutoML_1_20211112_192015","GLM_1_AutoML_1_20211112_192015"],[96.40805830308133,0.9496213769731948,0.0],[1912.7163409313373,193.46360756884673,0.0]]},"random_coefficients_table":null,"coefficients_table_multinomials_with_class_names":null,"standardized_coefficient_magnitudes":{"__meta":{"schema_version":3,"schema_name":"TwoDimTableV3","schema_type":"TwoDimTable"},"name":"Standardized Coefficient Magnitudes","description":"standardized coefficient magnitudes","columns":[{"__meta":{"schema_version":-1,"schema_name":"ColumnSpecsBase","schema_type":"Iced"},"name":"names","type":"string","format":"%s","description":"names"},{"__meta":{"schema_version":-1,"schema_name":"ColumnSpecsBase","schema_type":"Iced"},"name":"coefficients","type":"double","format":"%5f","description":"Coefficients"},{"__meta":{"schema_version":-1,"schema_name":"ColumnSpecsBase","schema_type":"Iced"},"name":"sign","type":"string","format":"%s","description":"Sign"}],"rowcount":2,"data":[["GBM_1_AutoML_1_20211112_192015","GLM_1_AutoML_1_20211112_192015"],[193.46360778808594,0.0],["POS","POS"]]},"variable_importances":{"__meta":{"schema_version":3,"schema_name":"TwoDimTableV3","schema_type":"TwoDimTable"},"name":"Variable Importances","description":"","columns":[{"__meta":{"schema_version":-1,"schema_name":"ColumnSpecsBase","schema_type":"Iced"},"name":"variable","type":"string","format":"%s","description":"Variable"},{"__meta":{"schema_version":-1,"schema_name":"ColumnSpecsBase","schema_type":"Iced"},"name":"relative_importance","type":"double","format":"%5f","description":"Relative Importance"},{"__meta":{"schema_version":-1,"schema_name":"ColumnSpecsBase","schema_type":"Iced"},"name":"scaled_importance","type":"double","format":"%5f","description":"Scaled Importance"},{"__meta":{"schema_version":-1,"schema_name":"ColumnSpecsBase","schema_type":"Iced"},"name":"percentage","type":"double","format":"%5f","description":"Percentage"}],"rowcount":2,"data":[["GBM_1_AutoML_1_20211112_192015","GLM_1_AutoML_1_20211112_192015"],[193.46360778808594,0.0],[1.0,0.0],[1.0,0.0]]},"lambda_best":79.26081530436555,"alpha_best":0.5,"best_submodel_index":0,"lambda_1se":79.26081530436555,"lambda_min":-1.0,"lambda_max":-1.0,"dispersion":0.0},"compatible_frames":null}
